Date,UNRATE,CORESTICKM159SFRBATL,DGS10,DGS2,USRECD,GDP_Growth,Treasury_Yield,Two_Year_Treasury_Yield,Yield_Curve_Spread,GDP
1948-01-01,3.4,3.65186106,4.09,7.26,0,,4.09,7.26,0.6800000000000006,265.742
1948-02-01,3.8,3.65186106,4.09,7.26,0,0.0,4.09,7.26,0.6800000000000006,265.742
1948-03-01,4.0,3.65186106,4.09,7.26,0,0.0,4.09,7.26,0.6800000000000006,265.742
1948-04-01,3.9,3.65186106,4.09,7.26,0,2.568280512677701,4.09,7.26,0.6800000000000006,272.567
1948-05-01,3.5,3.65186106,4.09,7.26,0,0.0,4.09,7.26,0.6800000000000006,272.567
1948-06-01,3.6,3.65186106,4.09,7.26,0,0.0,4.09,7.26,0.6800000000000006,272.567
1948-07-01,3.6,3.65186106,4.09,7.26,0,2.432062575440175,4.09,7.26,0.6800000000000006,279.196
1948-08-01,3.9,3.65186106,4.09,7.26,0,0.0,4.09,7.26,0.6800000000000006,279.196
1948-09-01,3.8,3.65186106,4.09,7.26,0,0.0,4.09,7.26,0.6800000000000006,279.196
1948-10-01,3.7,3.65186106,4.09,7.26,0,0.41906044499202544,4.09,7.26,0.6800000000000006,280.366
1948-11-01,3.8,3.65186106,4.09,7.26,0,0.0,4.09,7.26,0.6800000000000006,280.366
1948-12-01,4.0,3.65186106,4.09,7.26,1,0.0,4.09,7.26,0.6800000000000006,280.366
1949-01-01,4.3,3.65186106,4.09,7.26,1,-1.901799790274139,4.09,7.26,0.6800000000000006,275.034
1949-02-01,4.7,3.65186106,4.09,7.26,1,0.0,4.09,7.26,0.6800000000000006,275.034
1949-03-01,5.0,3.65186106,4.09,7.26,1,0.0,4.09,7.26,0.6800000000000006,275.034
1949-04-01,5.3,3.65186106,4.09,7.26,1,-1.3391071649323294,4.09,7.26,0.6800000000000006,271.351
1949-05-01,6.1,3.65186106,4.09,7.26,1,0.0,4.09,7.26,0.6800000000000006,271.351
1949-06-01,6.2,3.65186106,4.09,7.26,1,0.0,4.09,7.26,0.6800000000000006,271.351
1949-07-01,6.7,3.65186106,4.09,7.26,1,0.5667935625813136,4.09,7.26,0.6800000000000006,272.889
1949-08-01,6.8,3.65186106,4.09,7.26,1,0.0,4.09,7.26,0.6800000000000006,272.889
1949-09-01,6.6,3.65186106,4.09,7.26,1,0.0,4.09,7.26,0.6800000000000006,272.889
1949-10-01,7.9,3.65186106,4.09,7.26,1,-0.8289084572848271,4.09,7.26,0.6800000000000006,270.627
1949-11-01,6.4,3.65186106,4.09,7.26,0,0.0,4.09,7.26,0.6800000000000006,270.627
1949-12-01,6.6,3.65186106,4.09,7.26,0,0.0,4.09,7.26,0.6800000000000006,270.627
1950-01-01,6.5,3.65186106,4.09,7.26,0,3.769394775835355,4.09,7.26,0.6800000000000006,280.828
1950-02-01,6.4,3.65186106,4.09,7.26,0,0.0,4.09,7.26,0.6800000000000006,280.828
1950-03-01,6.3,3.65186106,4.09,7.26,0,0.0,4.09,7.26,0.6800000000000006,280.828
1950-04-01,5.8,3.65186106,4.09,7.26,0,3.402438503283145,4.09,7.26,0.6800000000000006,290.383
1950-05-01,5.5,3.65186106,4.09,7.26,0,0.0,4.09,7.26,0.6800000000000006,290.383
1950-06-01,5.4,3.65186106,4.09,7.26,0,0.0,4.09,7.26,0.6800000000000006,290.383
1950-07-01,5.0,3.65186106,4.09,7.26,0,6.119504240950757,4.09,7.26,0.6800000000000006,308.153
1950-08-01,4.5,3.65186106,4.09,7.26,0,0.0,4.09,7.26,0.6800000000000006,308.153
1950-09-01,4.4,3.65186106,4.09,7.26,0,0.0,4.09,7.26,0.6800000000000006,308.153
1950-10-01,4.2,3.65186106,4.09,7.26,0,3.826670517567554,4.09,7.26,0.6800000000000006,319.945
1950-11-01,4.2,3.65186106,4.09,7.26,0,0.0,4.09,7.26,0.6800000000000006,319.945
1950-12-01,4.3,3.65186106,4.09,7.26,0,0.0,4.09,7.26,0.6800000000000006,319.945
1951-01-01,3.7,3.65186106,4.09,7.26,0,5.018049977339856,4.09,7.26,0.6800000000000006,336.0
1951-02-01,3.4,3.65186106,4.09,7.26,0,0.0,4.09,7.26,0.6800000000000006,336.0
1951-03-01,3.4,3.65186106,4.09,7.26,0,0.0,4.09,7.26,0.6800000000000006,336.0
1951-04-01,3.1,3.65186106,4.09,7.26,0,2.407738095238088,4.09,7.26,0.6800000000000006,344.09
1951-05-01,3.0,3.65186106,4.09,7.26,0,0.0,4.09,7.26,0.6800000000000006,344.09
1951-06-01,3.2,3.65186106,4.09,7.26,0,0.0,4.09,7.26,0.6800000000000006,344.09
1951-07-01,3.1,3.65186106,4.09,7.26,0,2.1200848615188006,4.09,7.26,0.6800000000000006,351.385
1951-08-01,3.1,3.65186106,4.09,7.26,0,0.0,4.09,7.26,0.6800000000000006,351.385
1951-09-01,3.3,3.65186106,4.09,7.26,0,0.0,4.09,7.26,0.6800000000000006,351.385
1951-10-01,3.5,3.65186106,4.09,7.26,0,1.3640309062709077,4.09,7.26,0.6800000000000006,356.178
1951-11-01,3.5,3.65186106,4.09,7.26,0,0.0,4.09,7.26,0.6800000000000006,356.178
1951-12-01,3.1,3.65186106,4.09,7.26,0,0.0,4.09,7.26,0.6800000000000006,356.178
1952-01-01,3.2,3.65186106,4.09,7.26,0,1.0225224466418492,4.09,7.26,0.6800000000000006,359.82
1952-02-01,3.1,3.65186106,4.09,7.26,0,0.0,4.09,7.26,0.6800000000000006,359.82
1952-03-01,2.9,3.65186106,4.09,7.26,0,0.0,4.09,7.26,0.6800000000000006,359.82
1952-04-01,2.9,3.65186106,4.09,7.26,0,0.3362792507364709,4.09,7.26,0.6800000000000006,361.03
1952-05-01,3.0,3.65186106,4.09,7.26,0,0.0,4.09,7.26,0.6800000000000006,361.03
1952-06-01,3.0,3.65186106,4.09,7.26,0,0.0,4.09,7.26,0.6800000000000006,361.03
1952-07-01,3.2,3.65186106,4.09,7.26,0,1.8477688834723116,4.09,7.26,0.6800000000000006,367.701
1952-08-01,3.4,3.65186106,4.09,7.26,0,0.0,4.09,7.26,0.6800000000000006,367.701
1952-09-01,3.1,3.65186106,4.09,7.26,0,0.0,4.09,7.26,0.6800000000000006,367.701
1952-10-01,3.0,3.65186106,4.09,7.26,0,3.565668845067038,4.09,7.26,0.6800000000000006,380.812
1952-11-01,2.8,3.65186106,4.09,7.26,0,0.0,4.09,7.26,0.6800000000000006,380.812
1952-12-01,2.7,3.65186106,4.09,7.26,0,0.0,4.09,7.26,0.6800000000000006,380.812
1953-01-01,2.9,3.65186106,4.09,7.26,0,1.8822936252008926,4.09,7.26,0.6800000000000006,387.98
1953-02-01,2.6,3.65186106,4.09,7.26,0,0.0,4.09,7.26,0.6800000000000006,387.98
1953-03-01,2.6,3.65186106,4.09,7.26,0,0.0,4.09,7.26,0.6800000000000006,387.98
1953-04-01,2.7,3.65186106,4.09,7.26,0,0.9714418268983005,4.09,7.26,0.6800000000000006,391.749
1953-05-01,2.5,3.65186106,4.09,7.26,0,0.0,4.09,7.26,0.6800000000000006,391.749
1953-06-01,2.5,3.65186106,4.09,7.26,0,0.0,4.09,7.26,0.6800000000000006,391.749
1953-07-01,2.6,3.65186106,4.09,7.26,0,-0.1475434525678554,4.09,7.26,0.6800000000000006,391.171
1953-08-01,2.7,3.65186106,4.09,7.26,1,0.0,4.09,7.26,0.6800000000000006,391.171
1953-09-01,2.9,3.65186106,4.09,7.26,1,0.0,4.09,7.26,0.6800000000000006,391.171
1953-10-01,3.1,3.65186106,4.09,7.26,1,-1.3295975417400463,4.09,7.26,0.6800000000000006,385.97
1953-11-01,3.5,3.65186106,4.09,7.26,1,0.0,4.09,7.26,0.6800000000000006,385.97
1953-12-01,4.5,3.65186106,4.09,7.26,1,0.0,4.09,7.26,0.6800000000000006,385.97
1954-01-01,4.9,3.65186106,4.09,7.26,1,-0.1619296836541717,4.09,7.26,0.6800000000000006,385.345
1954-02-01,5.2,3.65186106,4.09,7.26,1,0.0,4.09,7.26,0.6800000000000006,385.345
1954-03-01,5.7,3.65186106,4.09,7.26,1,0.0,4.09,7.26,0.6800000000000006,385.345
1954-04-01,5.9,3.65186106,4.09,7.26,1,0.20137798596062684,4.09,7.26,0.6800000000000006,386.121
1954-05-01,5.9,3.65186106,4.09,7.26,1,0.0,4.09,7.26,0.6800000000000006,386.121
1954-06-01,5.6,3.65186106,4.09,7.26,0,0.0,4.09,7.26,0.6800000000000006,386.121
1954-07-01,5.8,3.65186106,4.09,7.26,0,1.262557592050162,4.09,7.26,0.6800000000000006,390.996
1954-08-01,6.0,3.65186106,4.09,7.26,0,0.0,4.09,7.26,0.6800000000000006,390.996
1954-09-01,6.1,3.65186106,4.09,7.26,0,0.0,4.09,7.26,0.6800000000000006,390.996
1954-10-01,5.7,3.65186106,4.09,7.26,0,2.2348054711557097,4.09,7.26,0.6800000000000006,399.734
1954-11-01,5.3,3.65186106,4.09,7.26,0,0.0,4.09,7.26,0.6800000000000006,399.734
1954-12-01,5.0,3.65186106,4.09,7.26,0,0.0,4.09,7.26,0.6800000000000006,399.734
1955-01-01,4.9,3.65186106,4.09,7.26,0,3.3369690844411437,4.09,7.26,0.6800000000000006,413.073
1955-02-01,4.7,3.65186106,4.09,7.26,0,0.0,4.09,7.26,0.6800000000000006,413.073
1955-03-01,4.6,3.65186106,4.09,7.26,0,0.0,4.09,7.26,0.6800000000000006,413.073
1955-04-01,4.7,3.65186106,4.09,7.26,0,2.0478220556657156,4.09,7.26,0.6800000000000006,421.532
1955-05-01,4.3,3.65186106,4.09,7.26,0,0.0,4.09,7.26,0.6800000000000006,421.532
1955-06-01,4.2,3.65186106,4.09,7.26,0,0.0,4.09,7.26,0.6800000000000006,421.532
1955-07-01,4.0,3.65186106,4.09,7.26,0,2.061290720514708,4.09,7.26,0.6800000000000006,430.221
1955-08-01,4.2,3.65186106,4.09,7.26,0,0.0,4.09,7.26,0.6800000000000006,430.221
1955-09-01,4.1,3.65186106,4.09,7.26,0,0.0,4.09,7.26,0.6800000000000006,430.221
1955-10-01,4.3,3.65186106,4.09,7.26,0,1.5970861487468069,4.09,7.26,0.6800000000000006,437.092
1955-11-01,4.2,3.65186106,4.09,7.26,0,0.0,4.09,7.26,0.6800000000000006,437.092
1955-12-01,4.2,3.65186106,4.09,7.26,0,0.0,4.09,7.26,0.6800000000000006,437.092
1956-01-01,4.0,3.65186106,4.09,7.26,0,0.6071948239729785,4.09,7.26,0.6800000000000006,439.746
1956-02-01,3.9,3.65186106,4.09,7.26,0,0.0,4.09,7.26,0.6800000000000006,439.746
1956-03-01,4.2,3.65186106,4.09,7.26,0,0.0,4.09,7.26,0.6800000000000006,439.746
1956-04-01,4.0,3.65186106,4.09,7.26,0,1.4244586647746749,4.09,7.26,0.6800000000000006,446.01
1956-05-01,4.3,3.65186106,4.09,7.26,0,0.0,4.09,7.26,0.6800000000000006,446.01
1956-06-01,4.3,3.65186106,4.09,7.26,0,0.0,4.09,7.26,0.6800000000000006,446.01
1956-07-01,4.4,3.65186106,4.09,7.26,0,1.1616331472388497,4.09,7.26,0.6800000000000006,451.191
1956-08-01,4.1,3.65186106,4.09,7.26,0,0.0,4.09,7.26,0.6800000000000006,451.191
1956-09-01,3.9,3.65186106,4.09,7.26,0,0.0,4.09,7.26,0.6800000000000006,451.191
1956-10-01,3.9,3.65186106,4.09,7.26,0,2.0550055298088843,4.09,7.26,0.6800000000000006,460.463
1956-11-01,4.3,3.65186106,4.09,7.26,0,0.0,4.09,7.26,0.6800000000000006,460.463
1956-12-01,4.2,3.65186106,4.09,7.26,0,0.0,4.09,7.26,0.6800000000000006,460.463
1957-01-01,4.2,3.65186106,4.09,7.26,0,2.0231810156299046,4.09,7.26,0.6800000000000006,469.779
1957-02-01,3.9,3.65186106,4.09,7.26,0,0.0,4.09,7.26,0.6800000000000006,469.779
1957-03-01,3.7,3.65186106,4.09,7.26,0,0.0,4.09,7.26,0.6800000000000006,469.779
1957-04-01,3.9,3.65186106,4.09,7.26,0,0.4780971478077989,4.09,7.26,0.6800000000000006,472.025
1957-05-01,4.1,3.65186106,4.09,7.26,0,0.0,4.09,7.26,0.6800000000000006,472.025
1957-06-01,4.3,3.65186106,4.09,7.26,0,0.0,4.09,7.26,0.6800000000000006,472.025
1957-07-01,4.2,3.65186106,4.09,7.26,0,1.5814840315661272,4.09,7.26,0.6800000000000006,479.49
1957-08-01,4.1,3.65186106,4.09,7.26,0,0.0,4.09,7.26,0.6800000000000006,479.49
1957-09-01,4.4,3.65186106,4.09,7.26,1,0.0,4.09,7.26,0.6800000000000006,479.49
1957-10-01,4.5,3.65186106,4.09,7.26,1,-0.9647750735156224,4.09,7.26,0.6800000000000006,474.864
1957-11-01,5.1,3.65186106,4.09,7.26,1,0.0,4.09,7.26,0.6800000000000006,474.864
1957-12-01,5.2,3.65186106,4.09,7.26,1,0.0,4.09,7.26,0.6800000000000006,474.864
1958-01-01,5.8,3.65186106,4.09,7.26,1,-1.5423363320866468,4.09,7.26,0.6800000000000006,467.54
1958-02-01,6.4,3.65186106,4.09,7.26,1,0.0,4.09,7.26,0.6800000000000006,467.54
1958-03-01,6.7,3.65186106,4.09,7.26,1,0.0,4.09,7.26,0.6800000000000006,467.54
1958-04-01,7.4,3.65186106,4.09,7.26,1,0.9492235958420636,4.09,7.26,0.6800000000000006,471.978
1958-05-01,7.4,3.65186106,4.09,7.26,0,0.0,4.09,7.26,0.6800000000000006,471.978
1958-06-01,7.3,3.65186106,4.09,7.26,0,0.0,4.09,7.26,0.6800000000000006,471.978
1958-07-01,7.5,3.65186106,4.09,7.26,0,2.9372131751903785,4.09,7.26,0.6800000000000006,485.841
1958-08-01,7.4,3.65186106,4.09,7.26,0,0.0,4.09,7.26,0.6800000000000006,485.841
1958-09-01,7.1,3.65186106,4.09,7.26,0,0.0,4.09,7.26,0.6800000000000006,485.841
1958-10-01,6.7,3.65186106,4.09,7.26,0,2.8227341866989386,4.09,7.26,0.6800000000000006,499.555
1958-11-01,6.2,3.65186106,4.09,7.26,0,0.0,4.09,7.26,0.6800000000000006,499.555
1958-12-01,6.2,3.65186106,4.09,7.26,0,0.0,4.09,7.26,0.6800000000000006,499.555
1959-01-01,6.0,3.65186106,4.09,7.26,0,2.156919658496048,4.09,7.26,0.6800000000000006,510.33
1959-02-01,5.9,3.65186106,4.09,7.26,0,0.0,4.09,7.26,0.6800000000000006,510.33
1959-03-01,5.6,3.65186106,4.09,7.26,0,0.0,4.09,7.26,0.6800000000000006,510.33
1959-04-01,5.2,3.65186106,4.09,7.26,0,2.414712049066292,4.09,7.26,0.6800000000000006,522.653
1959-05-01,5.1,3.65186106,4.09,7.26,0,0.0,4.09,7.26,0.6800000000000006,522.653
1959-06-01,5.0,3.65186106,4.09,7.26,0,0.0,4.09,7.26,0.6800000000000006,522.653
1959-07-01,5.1,3.65186106,4.09,7.26,0,0.45556038136200794,4.09,7.26,0.6800000000000006,525.034
1959-08-01,5.2,3.65186106,4.09,7.26,0,0.0,4.09,7.26,0.6800000000000006,525.034
1959-09-01,5.5,3.65186106,4.09,7.26,0,0.0,4.09,7.26,0.6800000000000006,525.034
1959-10-01,5.7,3.65186106,4.09,7.26,0,0.6791941093338805,4.09,7.26,0.6800000000000006,528.6
1959-11-01,5.8,3.65186106,4.09,7.26,0,0.0,4.09,7.26,0.6800000000000006,528.6
1959-12-01,5.3,3.65186106,4.09,7.26,0,0.0,4.09,7.26,0.6800000000000006,528.6
1960-01-01,5.2,3.65186106,4.09,7.26,0,2.6575860764282977,4.09,7.26,0.6800000000000006,542.648
1960-02-01,4.8,3.65186106,4.09,7.26,0,0.0,4.09,7.26,0.6800000000000006,542.648
1960-03-01,5.4,3.65186106,4.09,7.26,0,0.0,4.09,7.26,0.6800000000000006,542.648
1960-04-01,5.2,3.65186106,4.09,7.26,0,-0.2889534283734507,4.09,7.26,0.6800000000000006,541.08
1960-05-01,5.1,3.65186106,4.09,7.26,1,0.0,4.09,7.26,0.6800000000000006,541.08
1960-06-01,5.4,3.65186106,4.09,7.26,1,0.0,4.09,7.26,0.6800000000000006,541.08
1960-07-01,5.5,3.65186106,4.09,7.26,1,0.836105566644485,4.09,7.26,0.6800000000000006,545.604
1960-08-01,5.6,3.65186106,4.09,7.26,1,0.0,4.09,7.26,0.6800000000000006,545.604
1960-09-01,5.5,3.65186106,4.09,7.26,1,0.0,4.09,7.26,0.6800000000000006,545.604
1960-10-01,6.1,3.65186106,4.09,7.26,1,-0.9910117961012044,4.09,7.26,0.6800000000000006,540.197
1960-11-01,6.1,3.65186106,4.09,7.26,1,0.0,4.09,7.26,0.6800000000000006,540.197
1960-12-01,6.6,3.65186106,4.09,7.26,1,0.0,4.09,7.26,0.6800000000000006,540.197
1961-01-01,6.6,3.65186106,4.09,7.26,1,0.8924521979944311,4.09,7.26,0.6800000000000006,545.018
1961-02-01,6.9,3.65186106,4.09,7.26,1,0.0,4.09,7.26,0.6800000000000006,545.018
1961-03-01,6.9,3.65186106,4.09,7.26,0,0.0,4.09,7.26,0.6800000000000006,545.018
1961-04-01,7.0,3.65186106,4.09,7.26,0,1.931495840504338,4.09,7.26,0.6800000000000006,555.545
1961-05-01,7.1,3.65186106,4.09,7.26,0,0.0,4.09,7.26,0.6800000000000006,555.545
1961-06-01,6.9,3.65186106,4.09,7.26,0,0.0,4.09,7.26,0.6800000000000006,555.545
1961-07-01,7.0,3.65186106,4.09,7.26,0,2.1814614477675187,4.09,7.26,0.6800000000000006,567.664
1961-08-01,6.6,3.65186106,4.09,7.26,0,0.0,4.09,7.26,0.6800000000000006,567.664
1961-09-01,6.7,3.65186106,4.09,7.26,0,0.0,4.09,7.26,0.6800000000000006,567.664
1961-10-01,6.5,3.65186106,4.09,7.26,0,2.2809267453986815,4.09,7.26,0.6800000000000006,580.612
1961-11-01,6.1,3.65186106,4.09,7.26,0,0.0,4.09,7.26,0.6800000000000006,580.612
1961-12-01,6.0,3.65186106,4.09,7.26,0,0.0,4.09,7.26,0.6800000000000006,580.612
1962-01-01,5.8,3.65186106,4.09,7.26,0,2.3080818171171247,4.09,7.26,0.6800000000000006,594.013
1962-02-01,5.5,3.65186106,4.09,7.26,0,0.0,4.09,7.26,0.6800000000000006,594.013
1962-03-01,5.6,3.65186106,3.98,7.26,0,0.0,3.98,7.26,0.6800000000000006,594.013
1962-04-01,5.6,3.65186106,3.85,7.26,0,1.0695052128488758,3.85,7.26,0.6800000000000006,600.366
1962-05-01,5.5,3.65186106,3.85,7.26,0,0.0,3.85,7.26,0.6800000000000006,600.366
1962-06-01,5.5,3.65186106,3.89,7.26,0,0.0,3.89,7.26,0.6800000000000006,600.366
1962-07-01,5.4,3.65186106,4.03,7.26,0,1.442620001798911,4.03,7.26,0.6800000000000006,609.027
1962-08-01,5.7,3.65186106,4.03,7.26,0,0.0,4.03,7.26,0.6800000000000006,609.027
1962-09-01,5.6,3.65186106,3.93,7.26,0,0.0,3.93,7.26,0.6800000000000006,609.027
1962-10-01,5.4,3.65186106,3.93,7.26,0,0.5341306707255855,3.93,7.26,0.6800000000000006,612.28
1962-11-01,5.7,3.65186106,3.92,7.26,0,0.0,3.92,7.26,0.6800000000000006,612.28
1962-12-01,5.5,3.65186106,3.88,7.26,0,0.0,3.88,7.26,0.6800000000000006,612.28
1963-01-01,5.7,3.65186106,3.88,7.26,0,1.5339387208466837,3.88,7.26,0.6800000000000006,621.672
1963-02-01,5.9,3.65186106,3.88,7.26,0,0.0,3.88,7.26,0.6800000000000006,621.672
1963-03-01,5.7,3.65186106,3.93,7.26,0,0.0,3.93,7.26,0.6800000000000006,621.672
1963-04-01,5.7,3.65186106,3.95,7.26,0,1.2997207530659027,3.95,7.26,0.6800000000000006,629.752
1963-05-01,5.9,3.65186106,3.94,7.26,0,0.0,3.94,7.26,0.6800000000000006,629.752
1963-06-01,5.6,3.65186106,4.01,7.26,0,0.0,4.01,7.26,0.6800000000000006,629.752
1963-07-01,5.6,3.65186106,4.01,7.26,0,2.3329818722290785,4.01,7.26,0.6800000000000006,644.444
1963-08-01,5.4,3.65186106,3.99,7.26,0,0.0,3.99,7.26,0.6800000000000006,644.444
1963-09-01,5.5,3.65186106,4.07,7.26,0,0.0,4.07,7.26,0.6800000000000006,644.444
1963-10-01,5.5,3.65186106,4.07,7.26,0,1.473207912557184,4.07,7.26,0.6800000000000006,653.938
1963-11-01,5.7,3.65186106,4.15,7.26,0,0.0,4.15,7.26,0.6800000000000006,653.938
1963-12-01,5.5,3.65186106,4.23,7.26,0,0.0,4.23,7.26,0.6800000000000006,653.938
1964-01-01,5.6,3.65186106,4.23,7.26,0,2.428976447308462,4.23,7.26,0.6800000000000006,669.822
1964-02-01,5.4,3.65186106,4.23,7.26,0,0.0,4.23,7.26,0.6800000000000006,669.822
1964-03-01,5.4,3.65186106,4.23,7.26,0,0.0,4.23,7.26,0.6800000000000006,669.822
1964-04-01,5.3,3.65186106,4.23,7.26,0,1.3215451269143141,4.23,7.26,0.6800000000000006,678.674
1964-05-01,5.1,3.65186106,4.22,7.26,0,0.0,4.22,7.26,0.6800000000000006,678.674
1964-06-01,5.2,3.65186106,4.19,7.26,0,0.0,4.19,7.26,0.6800000000000006,678.674
1964-07-01,4.9,3.65186106,4.15,7.26,0,1.9681025057685986,4.15,7.26,0.6800000000000006,692.031
1964-08-01,5.0,3.65186106,4.21,7.26,0,0.0,4.21,7.26,0.6800000000000006,692.031
1964-09-01,5.1,3.65186106,4.21,7.26,0,0.0,4.21,7.26,0.6800000000000006,692.031
1964-10-01,5.1,3.65186106,4.18,7.26,0,0.7641276185604395,4.18,7.26,0.6800000000000006,697.319
1964-11-01,4.8,3.65186106,4.2,7.26,0,0.0,4.2,7.26,0.6800000000000006,697.319
1964-12-01,5.0,3.65186106,4.2,7.26,0,0.0,4.2,7.26,0.6800000000000006,697.319
1965-01-01,4.9,3.65186106,4.2,7.26,0,2.935672195939021,4.2,7.26,0.6800000000000006,717.79
1965-02-01,5.1,3.65186106,4.2,7.26,0,0.0,4.2,7.26,0.6800000000000006,717.79
1965-03-01,4.7,3.65186106,4.22,7.26,0,0.0,4.22,7.26,0.6800000000000006,717.79
1965-04-01,4.8,3.65186106,4.2,7.26,0,1.7276640800234055,4.2,7.26,0.6800000000000006,730.191
1965-05-01,4.6,3.65186106,4.23,7.26,0,0.0,4.23,7.26,0.6800000000000006,730.191
1965-06-01,4.6,3.65186106,4.23,7.26,0,0.0,4.23,7.26,0.6800000000000006,730.191
1965-07-01,4.4,3.65186106,4.2,7.26,0,2.620136375277138,4.2,7.26,0.6800000000000006,749.323
1965-08-01,4.4,3.65186106,4.28,7.26,0,0.0,4.28,7.26,0.6800000000000006,749.323
1965-09-01,4.3,3.65186106,4.28,7.26,0,0.0,4.28,7.26,0.6800000000000006,749.323
1965-10-01,4.2,3.65186106,4.36,7.26,0,3.007247875749175,4.36,7.26,0.6800000000000006,771.857
1965-11-01,4.1,3.65186106,4.43,7.26,0,0.0,4.43,7.26,0.6800000000000006,771.857
1965-12-01,4.0,3.65186106,4.52,7.26,0,0.0,4.52,7.26,0.6800000000000006,771.857
1966-01-01,4.0,3.65186106,4.69,7.26,0,3.093448656940345,4.69,7.26,0.6800000000000006,795.734
1966-02-01,3.8,3.65186106,4.69,7.26,0,0.0,4.69,7.26,0.6800000000000006,795.734
1966-03-01,3.8,3.65186106,5.01,7.26,0,0.0,5.01,7.26,0.6800000000000006,795.734
1966-04-01,3.8,3.65186106,4.7,7.26,0,1.16207174759404,4.7,7.26,0.6800000000000006,804.981
1966-05-01,3.9,3.65186106,4.79,7.26,0,0.0,4.79,7.26,0.6800000000000006,804.981
1966-06-01,3.8,3.65186106,4.79,7.26,0,0.0,4.79,7.26,0.6800000000000006,804.981
1966-07-01,3.8,3.65186106,4.99,7.26,0,1.8207883167428829,4.99,7.26,0.6800000000000006,819.638
1966-08-01,3.8,3.65186106,5.05,7.26,0,0.0,5.05,7.26,0.6800000000000006,819.638
1966-09-01,3.7,3.65186106,5.3,7.26,0,0.0,5.3,7.26,0.6800000000000006,819.638
1966-10-01,3.7,3.65186106,4.99,7.26,0,1.6670774171036573,4.99,7.26,0.6800000000000006,833.302
1966-11-01,3.6,3.65186106,4.99,7.26,0,0.0,4.99,7.26,0.6800000000000006,833.302
1966-12-01,3.8,3.65186106,5.09,7.26,0,0.0,5.09,7.26,0.6800000000000006,833.302
1967-01-01,3.9,3.65186106,4.52,7.26,0,1.3042090382598293,4.52,7.26,0.6800000000000006,844.17
1967-02-01,3.8,3.65186106,4.52,7.26,0,0.0,4.52,7.26,0.6800000000000006,844.17
1967-03-01,3.8,3.65186106,4.66,7.26,0,0.0,4.66,7.26,0.6800000000000006,844.17
1967-04-01,3.8,3.65186106,4.77,7.26,0,0.57014582370849,4.77,7.26,0.6800000000000006,848.983
1967-05-01,3.8,3.65186106,4.77,7.26,0,0.0,4.77,7.26,0.6800000000000006,848.983
1967-06-01,3.9,3.65186106,4.81,7.26,0,0.0,4.81,7.26,0.6800000000000006,848.983
1967-07-01,3.8,3.65186106,5.18,7.26,0,1.914054816174171,5.18,7.26,0.6800000000000006,865.233
1967-08-01,3.8,3.65186106,5.18,7.26,0,0.0,5.18,7.26,0.6800000000000006,865.233
1967-09-01,3.8,3.65186106,5.25,7.26,0,0.0,5.25,7.26,0.6800000000000006,865.233
1967-10-01,4.0,3.65186106,5.7,7.26,0,1.8730214866978123,5.7,7.26,0.6800000000000006,881.439
1967-11-01,3.9,3.65186106,5.7,7.26,0,0.0,5.7,7.26,0.6800000000000006,881.439
1967-12-01,3.8,3.65186106,5.78,7.26,0,0.0,5.78,7.26,0.6800000000000006,881.439
1968-01-01,3.7,3.65186106,5.58,7.26,0,3.1707242361638244,5.58,7.26,0.6800000000000006,909.387
1968-02-01,3.8,3.673819411,5.58,7.26,0,0.0,5.58,7.26,0.6800000000000006,909.387
1968-03-01,3.7,4.142163975,5.56,7.26,0,0.0,5.56,7.26,0.6800000000000006,909.387
1968-04-01,3.5,4.155828095,5.64,7.26,0,2.7443761566857905,5.64,7.26,0.6800000000000006,934.344
1968-05-01,3.5,4.088245437,5.73,7.26,0,0.0,5.73,7.26,0.6800000000000006,934.344
1968-06-01,3.7,4.545569347,5.62,7.26,0,0.0,5.62,7.26,0.6800000000000006,934.344
1968-07-01,3.7,4.753076334,5.62,7.26,0,1.763911364550963,5.62,7.26,0.6800000000000006,950.825
1968-08-01,3.5,4.9466066,5.38,7.26,0,0.0,5.38,7.26,0.6800000000000006,950.825
1968-09-01,3.4,4.948246979,5.49,7.26,0,0.0,5.49,7.26,0.6800000000000006,950.825
1968-10-01,3.4,5.182592347,5.49,7.26,0,1.8094812399757965,5.49,7.26,0.6800000000000006,968.03
1968-11-01,3.4,5.399387944,5.61,7.26,0,0.0,5.61,7.26,0.6800000000000006,968.03
1968-12-01,3.4,5.706347843,6.25,7.26,0,0.0,6.25,7.26,0.6800000000000006,968.03
1969-01-01,3.4,5.746196961,6.25,7.26,0,2.6142784831048704,6.25,7.26,0.6800000000000006,993.337
1969-02-01,3.4,5.749956071,6.25,7.26,0,0.0,6.25,7.26,0.6800000000000006,993.337
1969-03-01,3.4,6.125157849,6.25,7.26,0,0.0,6.25,7.26,0.6800000000000006,993.337
1969-04-01,3.4,6.505620421,6.25,7.26,0,1.5788196754978445,6.25,7.26,0.6800000000000006,1009.02
1969-05-01,3.4,6.780633974,6.25,7.26,0,0.0,6.25,7.26,0.6800000000000006,1009.02
1969-06-01,3.5,6.375966005,6.75,7.26,0,0.0,6.75,7.26,0.6800000000000006,1009.02
1969-07-01,3.5,6.389268621,6.75,7.26,0,2.0748845414362282,6.75,7.26,0.6800000000000006,1029.956
1969-08-01,3.5,6.414746498,6.66,7.26,0,0.0,6.66,7.26,0.6800000000000006,1029.956
1969-09-01,3.7,6.834758299,7.52,7.26,0,0.0,7.52,7.26,0.6800000000000006,1029.956
1969-10-01,3.7,6.560106336,7.52,7.26,0,0.7952766914314902,7.52,7.26,0.6800000000000006,1038.147
1969-11-01,3.5,6.437390535,7.29,7.26,0,0.0,7.29,7.26,0.6800000000000006,1038.147
1969-12-01,3.5,6.402163808,7.29,7.26,0,0.0,7.29,7.26,0.6800000000000006,1038.147
1970-01-01,3.9,6.592370014,7.04,7.26,1,1.2573363887773192,7.04,7.26,0.6800000000000006,1051.2
1970-02-01,4.2,7.053805927,7.04,7.26,1,0.0,7.04,7.26,0.6800000000000006,1051.2
1970-03-01,4.4,6.993096123,7.04,7.26,1,0.0,7.04,7.26,0.6800000000000006,1051.2
1970-04-01,4.6,6.817838113,7.04,7.26,1,1.5387176560121674,7.04,7.26,0.6800000000000006,1067.375
1970-05-01,4.8,6.947734731,7.85,7.26,1,0.0,7.85,7.26,0.6800000000000006,1067.375
1970-06-01,4.9,7.151974844,7.84,7.26,1,0.0,7.84,7.26,0.6800000000000006,1067.375
1970-07-01,5.0,7.00787567,7.64,7.26,1,1.7504625834406706,7.64,7.26,0.6800000000000006,1086.059
1970-08-01,5.1,7.114872285,7.47,7.26,1,0.0,7.47,7.26,0.6800000000000006,1086.059
1970-09-01,5.4,7.081263039,7.47,7.26,1,0.0,7.47,7.26,0.6800000000000006,1086.059
1970-10-01,5.5,7.057638255,7.29,7.26,1,0.23470179796860613,7.29,7.26,0.6800000000000006,1088.608
1970-11-01,5.9,7.327620064,6.48,7.26,1,0.0,6.48,7.26,0.6800000000000006,1088.608
1970-12-01,6.1,7.342681298,6.48,7.26,0,0.0,6.48,7.26,0.6800000000000006,1088.608
1971-01-01,5.9,7.014858012,6.09,7.26,0,4.275919339192802,6.09,7.26,0.6800000000000006,1135.156
1971-02-01,5.9,6.329604979,6.09,7.26,0,0.0,6.09,7.26,0.6800000000000006,1135.156
1971-03-01,6.0,5.50160847,6.12,7.26,0,0.0,6.12,7.26,0.6800000000000006,1135.156
1971-04-01,5.9,5.306250794,5.58,7.26,0,1.8600967620309383,5.58,7.26,0.6800000000000006,1156.271
1971-05-01,5.9,5.060279237,6.36,7.26,0,0.0,6.36,7.26,0.6800000000000006,1156.271
1971-06-01,5.9,5.239199701,6.36,7.26,0,0.0,6.36,7.26,0.6800000000000006,1156.271
1971-07-01,6.0,5.165044197,6.69,7.26,0,1.8511231363581793,6.69,7.26,0.6800000000000006,1177.675
1971-08-01,6.1,4.913620811,6.22,7.26,0,0.0,6.22,7.26,0.6800000000000006,1177.675
1971-09-01,6.0,4.672385308,6.22,7.26,0,0.0,6.22,7.26,0.6800000000000006,1177.675
1971-10-01,5.8,4.376576593,6.0,7.26,0,1.0717727726240245,6.0,7.26,0.6800000000000006,1190.297
1971-11-01,6.0,3.953153899,5.8,7.26,0,0.0,5.8,7.26,0.6800000000000006,1190.297
1971-12-01,6.0,3.677258309,5.92,7.26,0,0.0,5.92,7.26,0.6800000000000006,1190.297
1972-01-01,5.8,3.728280469,6.09,7.26,0,3.3867177687585404,6.09,7.26,0.6800000000000006,1230.609
1972-02-01,5.7,3.841502967,6.09,7.26,0,0.0,6.09,7.26,0.6800000000000006,1230.609
1972-03-01,5.8,4.057916253,6.04,7.26,0,0.0,6.04,7.26,0.6800000000000006,1230.609
1972-04-01,5.7,3.971403024,6.14,7.26,0,2.9058783090323503,6.14,7.26,0.6800000000000006,1266.369
1972-05-01,5.7,3.863863418,6.14,7.26,0,0.0,6.14,7.26,0.6800000000000006,1266.369
1972-06-01,5.7,3.488589959,6.07,7.26,0,0.0,6.07,7.26,0.6800000000000006,1266.369
1972-07-01,5.6,3.467340855,6.14,7.26,0,1.9107384972310681,6.14,7.26,0.6800000000000006,1290.566
1972-08-01,5.6,3.366129082,6.14,7.26,0,0.0,6.14,7.26,0.6800000000000006,1290.566
1972-09-01,5.5,3.1247262,6.43,7.26,0,0.0,6.43,7.26,0.6800000000000006,1290.566
1972-10-01,5.6,3.331141241,6.39,7.26,0,2.9706345897846376,6.39,7.26,0.6800000000000006,1328.904
1972-11-01,5.3,3.268535943,6.39,7.26,0,0.0,6.39,7.26,0.6800000000000006,1328.904
1972-12-01,5.2,3.147816809,6.29,7.26,0,0.0,6.29,7.26,0.6800000000000006,1328.904
1973-01-01,4.9,2.842802671,6.6,7.26,0,3.6560955494151504,6.6,7.26,0.6800000000000006,1377.49
1973-02-01,5.0,2.881142745,6.6,7.26,0,0.0,6.6,7.26,0.6800000000000006,1377.49
1973-03-01,4.9,2.929374136,6.65,7.26,0,0.0,6.65,7.26,0.6800000000000006,1377.49
1973-04-01,5.0,3.031703085,6.72,7.26,0,2.6422696353512576,6.72,7.26,0.6800000000000006,1413.887
1973-05-01,4.9,3.175423207,6.72,7.26,0,0.0,6.72,7.26,0.6800000000000006,1413.887
1973-06-01,4.9,3.098743668,6.96,7.26,0,0.0,6.96,7.26,0.6800000000000006,1413.887
1973-07-01,4.8,3.013319714,7.55,7.26,0,1.4110745766811705,7.55,7.26,0.6800000000000006,1433.838
1973-08-01,4.8,3.322713188,7.55,7.26,0,0.0,7.55,7.26,0.6800000000000006,1433.838
1973-09-01,4.8,3.944607922,6.91,7.26,0,0.0,6.91,7.26,0.6800000000000006,1433.838
1973-10-01,4.6,4.765238145,6.91,7.26,0,2.960655248361399,6.91,7.26,0.6800000000000006,1476.289
1973-11-01,4.8,4.927794502,6.71,7.26,0,0.0,6.71,7.26,0.6800000000000006,1476.289
1973-12-01,4.9,5.30805948,7.0,7.26,1,0.0,7.0,7.26,0.6800000000000006,1476.289
1974-01-01,5.1,5.845776926,7.0,7.26,1,1.0106422252011749,7.0,7.26,0.6800000000000006,1491.209
1974-02-01,5.2,6.291538116,7.0,7.26,1,0.0,7.0,7.26,0.6800000000000006,1491.209
1974-03-01,5.1,6.816162733,7.08,7.26,1,0.0,7.08,7.26,0.6800000000000006,1491.209
1974-04-01,5.1,7.104721156,7.42,7.26,1,2.605067431862329,7.42,7.26,0.6800000000000006,1530.056
1974-05-01,5.1,7.728315605,7.62,7.26,1,0.0,7.62,7.26,0.6800000000000006,1530.056
1974-06-01,5.4,8.616369341,7.65,7.26,1,0.0,7.65,7.26,0.6800000000000006,1530.056
1974-07-01,5.5,9.526994824,7.65,7.26,1,1.9587518365340895,7.65,7.26,0.6800000000000006,1560.026
1974-08-01,5.5,10.103211029,7.92,7.26,1,0.0,7.92,7.26,0.6800000000000006,1560.026
1974-09-01,5.9,10.593110106,7.97,7.26,1,0.0,7.97,7.26,0.6800000000000006,1560.026
1974-10-01,6.0,10.561468061,7.97,7.26,1,2.5418166107487927,7.97,7.26,0.6800000000000006,1599.679
1974-11-01,6.6,10.985727169,7.8,7.26,1,0.0,7.8,7.26,0.6800000000000006,1599.679
1974-12-01,7.2,11.496042915,8.08,7.26,1,0.0,8.08,7.26,0.6800000000000006,1599.679
1975-01-01,8.1,11.624378564,8.08,7.26,1,1.027518645928338,8.08,7.26,0.6800000000000006,1616.116
1975-02-01,8.1,11.784135357,8.08,7.26,1,0.0,8.08,7.26,0.6800000000000006,1616.116
1975-03-01,8.6,11.573788456,8.08,7.26,1,0.0,8.08,7.26,0.6800000000000006,1616.116
1975-04-01,8.8,11.698351766,8.08,7.26,0,2.2112892886401836,8.08,7.26,0.6800000000000006,1651.853
1975-05-01,9.0,10.926931315,8.31,7.26,0,0.0,8.31,7.26,0.6800000000000006,1651.853
1975-06-01,8.8,10.432971739,7.97,7.26,0,0.0,7.97,7.26,0.6800000000000006,1651.853
1975-07-01,8.6,9.76743143,7.97,7.26,0,3.5092105653468986,7.97,7.26,0.6800000000000006,1709.82
1975-08-01,8.4,8.920589927,8.26,7.26,0,0.0,8.26,7.26,0.6800000000000006,1709.82
1975-09-01,8.4,8.520421165,8.47,7.26,0,0.0,8.47,7.26,0.6800000000000006,1709.82
1975-10-01,8.4,8.109587525,8.47,7.26,0,3.0418991472786594,8.47,7.26,0.6800000000000006,1761.831
1975-11-01,8.3,8.092959791,8.12,7.26,0,0.0,8.12,7.26,0.6800000000000006,1761.831
1975-12-01,8.2,7.685189103,8.12,7.26,0,0.0,8.12,7.26,0.6800000000000006,1761.831
1976-01-01,7.9,7.691042386,7.86,7.26,0,3.3292637034993744,7.86,7.26,0.6800000000000006,1820.487
1976-02-01,7.7,7.373666255,7.86,7.26,0,0.0,7.86,7.26,0.6800000000000006,1820.487
1976-03-01,7.6,7.334813689,7.86,7.26,0,0.0,7.86,7.26,0.6800000000000006,1820.487
1976-04-01,7.7,6.847460223,7.68,7.26,0,1.7492572042535848,7.68,7.26,0.6800000000000006,1852.332
1976-05-01,7.4,6.965887097,7.94,7.26,0,0.0,7.94,7.26,0.6800000000000006,1852.332
1976-06-01,7.6,6.871017008,7.94,7.26,0,0.0,7.94,7.26,0.6800000000000006,1852.332
1976-07-01,7.8,7.088593777,7.88,7.02,0,1.8477249218822545,7.88,7.02,0.8600000000000003,1886.558
1976-08-01,7.8,7.352526572,7.64,6.5,0,0.0,7.64,6.5,1.1399999999999997,1886.558
1976-09-01,7.6,7.092183496,7.64,6.5,0,0.0,7.64,6.5,1.1399999999999997,1886.558
1976-10-01,7.7,6.878373933,7.49,6.24,0,2.529209279545075,7.49,6.24,1.25,1934.273
1976-11-01,7.8,6.612229044,7.38,6.03,0,0.0,7.38,6.03,1.3499999999999996,1934.273
1976-12-01,7.8,6.196677638,6.97,5.4,0,0.0,6.97,5.4,1.5699999999999994,1934.273
1977-01-01,7.5,6.048908185,7.41,6.2,0,2.8111336920900065,7.41,6.2,1.21,1988.648
1977-02-01,7.6,6.05231412,7.41,6.2,0,0.0,7.41,6.2,1.21,1988.648
1977-03-01,7.4,6.102888398,7.49,6.16,0,0.0,7.49,6.16,1.33,1988.648
1977-04-01,7.2,6.580655715,7.43,6.02,0,3.382247637590985,7.43,6.02,1.4100000000000001,2055.909
1977-05-01,7.0,6.741041444,7.38,6.24,0,0.0,7.38,6.24,1.1399999999999997,2055.909
1977-06-01,7.2,6.920217354,7.38,6.24,0,0.0,7.38,6.24,1.1399999999999997,2055.909
1977-07-01,6.9,6.881150829,7.34,6.12,0,3.043130800049987,7.34,6.12,1.2199999999999998,2118.473
1977-08-01,7.0,6.832672177,7.43,6.49,0,0.0,7.43,6.49,0.9399999999999995,2118.473
1977-09-01,6.8,6.873489359,7.3,6.57,0,0.0,7.3,6.57,0.7299999999999995,2118.473
1977-10-01,6.8,6.950144555,7.63,7.23,0,2.161792951810093,7.63,7.23,0.39999999999999947,2164.27
1977-11-01,6.8,6.999499128,7.63,7.23,0,0.0,7.63,7.23,0.39999999999999947,2164.27
1977-12-01,6.4,7.363992642,7.58,7.13,0,0.0,7.58,7.13,0.4500000000000002,2164.27
1978-01-01,6.4,7.371987718,7.96,7.47,0,1.778428754268191,7.96,7.47,0.4900000000000002,2202.76
1978-02-01,6.3,7.341035476,7.96,7.47,0,0.0,7.96,7.47,0.4900000000000002,2202.76
1978-03-01,6.3,7.433603181,8.05,7.59,0,0.0,8.05,7.59,0.46000000000000085,2202.76
1978-04-01,6.1,7.413807475,8.24,7.91,0,5.850523888212944,8.24,7.91,0.33000000000000007,2331.633
1978-05-01,6.0,7.643491412,8.24,7.91,0,0.0,8.24,7.91,0.33000000000000007,2331.633
1978-06-01,5.9,7.679164103,8.41,8.12,0,0.0,8.41,8.12,0.2900000000000009,2331.633
1978-07-01,6.2,7.912838518,8.54,8.45,0,2.719982089805728,8.54,8.45,0.08999999999999986,2395.053
1978-08-01,5.9,8.176594615,8.54,8.45,0,0.0,8.54,8.45,0.08999999999999986,2395.053
1978-09-01,6.0,8.576148162,8.38,8.5,0,0.0,8.38,8.5,-0.11999999999999922,2395.053
1978-10-01,5.8,9.03646557,8.66,9.44,0,3.4193815335193056,8.66,9.44,-0.7799999999999994,2476.949
1978-11-01,5.9,9.211524761,8.66,9.44,0,0.0,8.66,9.44,-0.7799999999999994,2476.949
1978-12-01,6.0,9.058012586,8.8,9.5,0,0.0,8.8,9.5,-0.6999999999999993,2476.949
1979-01-01,5.9,9.070516336,8.94,9.61,0,2.004926221734893,8.94,9.61,-0.6699999999999999,2526.61
1979-02-01,5.9,9.571356337,8.94,9.61,0,0.0,8.94,9.61,-0.6699999999999999,2526.61
1979-03-01,5.8,9.675145162,9.17,9.87,0,0.0,9.17,9.87,-0.6999999999999993,2526.61
1979-04-01,5.8,9.918953512,9.36,9.91,0,2.5582499871368958,9.36,9.91,-0.5500000000000007,2591.247
1979-05-01,5.6,10.082376559,9.36,9.91,0,0.0,9.36,9.91,-0.5500000000000007,2591.247
1979-06-01,5.7,10.269173247,9.05,9.56,0,0.0,9.05,9.56,-0.5099999999999998,2591.247
1979-07-01,5.7,10.50434739,8.99,9.23,0,2.94522289847321,8.99,9.23,-0.2400000000000002,2667.565
1979-08-01,6.0,10.93575743,8.99,9.23,0,0.0,8.99,9.23,-0.2400000000000002,2667.565
1979-09-01,5.9,10.98372295,9.51,10.14,0,0.0,9.51,10.14,-0.6300000000000008,2667.565
1979-10-01,6.0,11.257284188,9.51,10.14,0,2.111213784856214,9.51,10.14,-0.6300000000000008,2723.883
1979-11-01,5.9,11.926588317,10.79,12.08,0,0.0,10.79,12.08,-1.290000000000001,2723.883
1979-12-01,6.0,12.734186684,11.29,12.04,0,0.0,11.29,12.04,-0.75,2723.883
1980-01-01,6.3,13.469735746,11.29,12.04,0,2.421506356917691,11.29,12.04,-0.75,2789.842
1980-02-01,6.3,13.599492679,11.29,12.04,1,0.0,11.29,12.04,-0.75,2789.842
1980-03-01,6.3,14.331667424,12.69,14.59,1,0.0,12.69,14.59,-1.9000000000000004,2789.842
1980-04-01,6.9,14.755204998,12.69,14.59,1,0.26919087174110956,12.69,14.59,-1.9000000000000004,2797.352
1980-05-01,7.5,15.115272835,10.57,10.7,1,0.0,10.57,10.7,-0.129999999999999,2797.352
1980-06-01,7.6,15.774166719,10.13,9.01,1,0.0,10.13,9.01,1.120000000000001,2797.352
1980-07-01,7.8,14.133410238,10.13,9.01,1,2.1138204988146114,10.13,9.01,1.120000000000001,2856.483
1980-08-01,7.7,13.268359535,10.76,9.78,0,0.0,10.76,9.78,0.9800000000000004,2856.483
1980-09-01,7.5,13.087752647,11.78,12.02,0,0.0,11.78,12.02,-0.2400000000000002,2856.483
1980-10-01,7.5,13.084188753,11.78,12.02,0,4.518633578424924,11.78,12.02,-0.2400000000000002,2985.557
1980-11-01,7.5,12.870601808,12.92,14.25,0,0.0,12.92,14.25,-1.33,2985.557
1980-12-01,7.2,12.685251999,12.92,14.25,0,0.0,12.92,14.25,-1.33,2985.557
1981-01-01,7.5,12.018100571,13.14,13.19,0,4.643991054265606,13.14,13.19,-0.049999999999998934,3124.206
1981-02-01,7.4,11.229271193,13.14,13.19,0,0.0,13.14,13.19,-0.049999999999998934,3124.206
1981-03-01,7.4,10.319341471,13.14,13.19,0,0.0,13.14,13.19,-0.049999999999998934,3124.206
1981-04-01,7.2,9.710596634,13.14,13.19,0,1.2267436910370133,13.14,13.19,-0.049999999999998934,3162.532
1981-05-01,7.5,9.603160634,14.05,14.72,0,0.0,14.05,14.72,-0.6699999999999999,3162.532
1981-06-01,7.5,9.212167638,13.46,14.47,0,0.0,13.46,14.47,-1.0099999999999998,3162.532
1981-07-01,7.2,11.238230349,14.04,14.94,0,3.101217631948061,14.04,14.94,-0.9000000000000004,3260.609
1981-08-01,7.4,11.81874206,15.41,16.78,1,0.0,15.41,16.78,-1.370000000000001,3260.609
1981-09-01,7.6,12.228963711,15.41,16.78,1,0.0,15.41,16.78,-1.370000000000001,3260.609
1981-10-01,7.9,11.266251913,15.75,16.57,1,0.6197921921947902,15.75,16.57,-0.8200000000000003,3280.818
1981-11-01,8.3,10.524035314,13.37,12.71,1,0.0,13.37,12.71,0.6599999999999984,3280.818
1981-12-01,8.5,9.855791699,13.37,12.71,1,0.0,13.37,12.71,0.6599999999999984,3280.818
1982-01-01,8.6,9.469843405,14.58,15.04,1,-0.19860900543705595,14.58,15.04,-0.4599999999999991,3274.302
1982-02-01,8.9,9.539828014,14.58,15.04,1,0.0,14.58,15.04,-0.4599999999999991,3274.302
1982-03-01,9.0,8.890430545,13.85,14.25,1,0.0,13.85,14.25,-0.40000000000000036,3274.302
1982-04-01,9.3,9.081124943,14.1,14.42,1,1.7612914141700964,14.1,14.42,-0.3200000000000003,3331.972
1982-05-01,9.4,9.052945034,13.93,13.92,1,0.0,13.93,13.92,0.009999999999999787,3331.972
1982-06-01,9.6,8.878235542,13.93,13.92,1,0.0,13.93,13.92,0.009999999999999787,3331.972
1982-07-01,9.8,7.889386151,14.4,14.6,1,1.030921028147902,14.4,14.6,-0.1999999999999993,3366.322
1982-08-01,9.8,7.329095724,12.76,12.0,1,0.0,12.76,12.0,0.7599999999999998,3366.322
1982-09-01,10.1,5.979568161,12.76,12.0,1,0.0,12.76,12.0,0.7599999999999998,3366.322
1982-10-01,10.4,5.978948458,11.51,11.13,1,1.0765161502672704,11.51,11.13,0.379999999999999,3402.561
1982-11-01,10.8,5.304532965,10.56,9.68,1,0.0,10.56,9.68,0.8800000000000008,3402.561
1982-12-01,10.8,4.248605204,10.74,9.96,0,0.0,10.74,9.96,0.7799999999999994,3402.561
1983-01-01,10.4,4.424606951,10.78,9.6,0,2.0823138806328467,10.78,9.6,1.1799999999999997,3473.413
1983-02-01,10.4,4.356216055,10.78,9.6,0,0.0,10.78,9.6,1.1799999999999997,3473.413
1983-03-01,10.3,4.586331541,10.22,9.26,0,0.0,10.22,9.26,0.9600000000000009,3473.413
1983-04-01,10.2,4.187719488,10.77,9.97,0,3.035486997946979,10.77,9.97,0.7999999999999989,3578.848
1983-05-01,10.1,3.285270905,10.77,9.97,0,0.0,10.77,9.97,0.7999999999999989,3578.848
1983-06-01,10.1,2.582464401,10.77,9.97,0,0.0,10.77,9.97,0.7999999999999989,3578.848
1983-07-01,9.4,2.370321394,10.93,10.17,0,3.0828635359758216,10.93,10.17,0.7599999999999998,3689.179
1983-08-01,9.5,2.293245829,11.8,11.09,0,0.0,11.8,11.09,0.7100000000000009,3689.179
1983-09-01,9.2,2.688915363,11.97,11.16,0,0.0,11.97,11.16,0.8100000000000005,3689.179
1983-10-01,8.8,2.837489986,11.69,10.64,0,2.8604467281202695,11.69,10.64,1.049999999999999,3794.706
1983-11-01,8.5,3.496604743,11.69,10.64,0,0.0,11.69,10.64,1.049999999999999,3794.706
1983-12-01,8.3,4.455576949,11.63,10.66,0,0.0,11.63,10.66,0.9700000000000006,3794.706
1984-01-01,8.0,4.47100051,11.64,10.56,0,2.9870034727327965,11.64,10.56,1.08,3908.054
1984-02-01,7.8,4.509240951,11.64,10.56,0,0.0,11.64,10.56,1.08,3908.054
1984-03-01,7.8,4.638826514,12.07,11.05,0,0.0,12.07,11.05,1.0199999999999996,3908.054
1984-04-01,7.7,4.632179596,12.82,11.88,0,2.598403195042853,12.82,11.88,0.9399999999999995,4009.601
1984-05-01,7.4,4.693964637,12.82,11.88,0,0.0,12.82,11.88,0.9399999999999995,4009.601
1984-06-01,7.2,4.773046608,13.63,12.72,0,0.0,13.63,12.72,0.9100000000000001,4009.601
1984-07-01,7.5,4.88156286,12.81,12.48,0,1.861756319394381,12.81,12.48,0.33000000000000007,4084.25
1984-08-01,7.5,5.017877611,12.81,12.48,0,0.0,12.81,12.48,0.33000000000000007,4084.25
1984-09-01,7.3,5.122410713,12.54,12.09,0,0.0,12.54,12.09,0.4499999999999993,4084.25
1984-10-01,7.4,5.086232886,12.54,12.09,0,1.574364938483197,12.54,12.09,0.4499999999999993,4148.551
1984-11-01,7.2,4.951399759,11.66,10.93,0,0.0,11.66,10.93,0.7300000000000004,4148.551
1984-12-01,7.3,5.03485707,11.29,10.04,0,0.0,11.29,10.04,1.25,4148.551
1985-01-01,7.3,4.71440976,11.29,10.04,0,1.967361616140173,11.29,10.04,1.25,4230.168
1985-02-01,7.2,4.860092398,11.29,10.04,0,0.0,11.29,10.04,1.25,4230.168
1985-03-01,7.2,4.95037523,11.86,10.73,0,0.0,11.86,10.73,1.129999999999999,4230.168
1985-04-01,7.3,4.742850309,11.66,10.45,0,1.5299392364558573,11.66,10.45,1.2100000000000009,4294.887
1985-05-01,7.2,5.02421107,11.27,9.82,0,0.0,11.27,9.82,1.4499999999999993,4294.887
1985-06-01,7.4,5.042571195,10.19,8.66,0,0.0,10.19,8.66,1.5299999999999994,4294.887
1985-07-01,7.4,4.934458147,10.19,8.66,0,2.139427649668102,10.19,8.66,1.5299999999999994,4386.773
1985-08-01,7.1,4.931448285,10.51,9.04,0,0.0,10.51,9.04,1.4700000000000006,4386.773
1985-09-01,7.1,4.772256068,10.29,8.83,0,0.0,10.29,8.83,1.459999999999999,4386.773
1985-10-01,7.1,4.87735108,10.29,8.83,0,1.306678052408916,10.29,8.83,1.459999999999999,4444.094
1985-11-01,7.0,5.134382326,9.98,8.7,0,0.0,9.98,8.7,1.2800000000000011,4444.094
1985-12-01,7.0,5.015425836,7.37,6.89,0,0.0,7.37,6.89,0.4800000000000004,4444.094
1986-01-01,6.7,5.280952944,7.37,6.89,0,1.4356131981006826,7.37,6.89,0.4800000000000004,4507.894
1986-02-01,7.2,5.109255446,7.37,6.89,0,0.0,7.37,6.89,0.4800000000000004,4507.894
1986-03-01,7.2,5.212476107,7.37,6.89,0,0.0,7.37,6.89,0.4800000000000004,4507.894
1986-04-01,7.1,5.352667382,7.37,6.89,0,0.8306761427841813,7.37,6.89,0.4800000000000004,4545.34
1986-05-01,7.2,5.024657147,7.45,6.85,0,0.0,7.45,6.85,0.6000000000000005,4545.34
1986-06-01,7.2,5.026885723,7.37,6.8,0,0.0,7.37,6.8,0.5700000000000003,4545.34
1986-07-01,7.0,4.960427947,7.37,6.8,0,1.3712725560684147,7.37,6.8,0.5700000000000003,4607.669
1986-08-01,6.9,4.823456322,7.34,6.56,0,0.0,7.34,6.56,0.7800000000000002,4607.669
1986-09-01,7.0,4.947499067,7.41,6.36,0,0.0,7.41,6.36,1.0499999999999998,4607.669
1986-10-01,7.0,4.881662479,7.41,6.36,0,1.0842358685053233,7.41,6.36,1.0499999999999998,4657.627
1986-11-01,6.9,4.575152807,7.18,6.25,0,0.0,7.18,6.25,0.9299999999999997,4657.627
1986-12-01,6.6,4.654910621,7.18,6.25,0,0.0,7.18,6.25,0.9299999999999997,4657.627
1987-01-01,6.6,4.492110038,7.59,6.65,0,1.38544799744591,7.59,6.65,0.9399999999999995,4722.156
1987-02-01,6.6,4.45173175,7.59,6.65,0,0.0,7.59,6.65,0.9399999999999995,4722.156
1987-03-01,6.6,4.276017854,7.59,6.65,0,0.0,7.59,6.65,0.9399999999999995,4722.156
1987-04-01,6.3,4.371203735,7.59,6.65,0,1.7789331822159138,7.59,6.65,0.9399999999999995,4806.16
1987-05-01,6.3,4.429512321,8.39,7.47,0,0.0,8.39,7.47,0.9200000000000008,4806.16
1987-06-01,6.2,4.187984457,8.45,7.67,0,0.0,8.45,7.67,0.7799999999999994,4806.16
1987-07-01,6.1,4.178766144,8.36,7.44,0,1.6311358756262884,8.36,7.44,0.919999999999999,4884.555
1987-08-01,6.0,4.293051178,9.05,7.98,0,0.0,9.05,7.98,1.0700000000000003,4884.555
1987-09-01,5.9,4.305931321,9.05,7.98,0,0.0,9.05,7.98,1.0700000000000003,4884.555
1987-10-01,6.0,4.356981982,9.66,8.62,0,2.5271288786798296,9.66,8.62,1.040000000000001,5007.994
1987-11-01,5.8,4.329616016,9.01,7.77,0,0.0,9.01,7.77,1.2400000000000002,5007.994
1987-12-01,5.7,4.291749243,9.01,7.77,0,0.0,9.01,7.77,1.2400000000000002,5007.994
1988-01-01,5.7,4.373233966,8.26,7.22,0,1.3054728100712731,8.26,7.22,1.04,5073.372
1988-02-01,5.7,4.375628463,8.26,7.22,0,0.0,8.26,7.22,1.04,5073.372
1988-03-01,5.7,4.440936865,8.15,7.11,0,0.0,8.15,7.11,1.04,5073.372
1988-04-01,5.4,4.37597416,9.03,8.09,0,2.2995356934204736,9.03,8.09,0.9399999999999995,5190.036
1988-05-01,5.6,4.432652625,9.03,8.09,0,0.0,9.03,8.09,0.9399999999999995,5190.036
1988-06-01,5.4,4.673118224,9.03,8.09,0,0.0,9.03,8.09,0.9399999999999995,5190.036
1988-07-01,5.4,4.70086963,8.77,7.98,0,1.7880222796142542,8.77,7.98,0.7899999999999991,5282.835
1988-08-01,5.6,4.674256215,9.07,8.36,0,0.0,9.07,8.36,0.7100000000000009,5282.835
1988-09-01,5.4,4.721200474,9.25,8.68,0,0.0,9.25,8.68,0.5700000000000003,5282.835
1988-10-01,5.4,4.607887381,8.68,8.25,0,2.2085490082503156,8.68,8.25,0.4299999999999997,5399.509
1988-11-01,5.3,4.742903047,8.68,8.25,0,0.0,8.68,8.25,0.4299999999999997,5399.509
1988-12-01,5.3,4.790034691,9.01,8.86,0,0.0,9.01,8.86,0.15000000000000036,5399.509
1989-01-01,5.4,4.748201473,8.99,9.12,0,2.069521506492533,8.99,9.12,-0.129999999999999,5511.253
1989-02-01,5.2,4.783533199,8.99,9.12,0,0.0,8.99,9.12,-0.129999999999999,5511.253
1989-03-01,5.0,4.750414948,9.36,9.55,0,0.0,9.36,9.55,-0.19000000000000128,5511.253
1989-04-01,5.2,4.618488017,9.14,9.36,0,1.8364244936677654,9.14,9.36,-0.21999999999999886,5612.463
1989-05-01,5.2,4.742747969,9.14,9.36,0,0.0,9.14,9.36,-0.21999999999999886,5612.463
1989-06-01,5.3,4.74510822,8.61,8.82,0,0.0,8.61,8.82,-0.21000000000000085,5612.463
1989-07-01,5.2,4.893807623,7.74,7.46,0,1.4771055060853078,7.74,7.46,0.28000000000000025,5695.365
1989-08-01,5.2,4.854148787,7.74,7.46,0,0.0,7.74,7.46,0.28000000000000025,5695.365
1989-09-01,5.3,4.669891213,8.19,8.37,0,0.0,8.19,8.37,-0.17999999999999972,5695.365
1989-10-01,5.3,4.802933382,7.91,7.87,0,0.9107756921637122,7.91,7.87,0.040000000000000036,5747.237
1989-11-01,5.4,4.797568826,7.91,7.87,0,0.0,7.91,7.87,0.040000000000000036,5747.237
1989-12-01,5.4,4.829006386,7.81,7.7,0,0.0,7.81,7.7,0.10999999999999943,5747.237
1990-01-01,5.4,4.905908309,8.42,8.28,0,2.183031602838015,8.42,8.28,0.14000000000000057,5872.701
1990-02-01,5.3,4.91755923,8.42,8.28,0,0.0,8.42,8.28,0.14000000000000057,5872.701
1990-03-01,5.2,5.19152475,8.59,8.53,0,0.0,8.59,8.53,0.0600000000000005,5872.701
1990-04-01,5.4,5.276985365,9.08,9.02,0,1.4869989124254746,9.08,9.02,0.0600000000000005,5960.028
1990-05-01,5.4,5.166732439,9.08,9.02,0,0.0,9.08,9.02,0.0600000000000005,5960.028
1990-06-01,5.2,5.370697673,8.44,8.33,0,0.0,8.44,8.33,0.10999999999999943,5960.028
1990-07-01,5.5,5.516605952,8.29,7.85,0,0.9242909597068971,8.29,7.85,0.4399999999999995,6015.116
1990-08-01,5.7,5.836270781,8.29,7.85,1,0.0,8.29,7.85,0.4399999999999995,6015.116
1990-09-01,5.9,5.930360317,8.71,7.94,1,0.0,8.71,7.94,0.7700000000000005,6015.116
1990-10-01,5.9,5.798506168,8.71,7.94,1,-0.17261512496183906,8.71,7.94,0.7700000000000005,6004.733
1990-11-01,6.2,5.683108196,8.57,7.68,1,0.0,8.57,7.68,0.8900000000000006,6004.733
1990-12-01,6.3,5.651092078,7.91,6.83,1,0.0,7.91,6.83,1.08,6004.733
1991-01-01,6.4,5.815290409,7.91,6.83,1,0.5070167149813232,7.91,6.83,1.08,6035.178
1991-02-01,6.6,5.8623588,7.91,6.83,1,0.0,7.91,6.83,1.08,6035.178
1991-03-01,6.8,5.474284579,8.12,7.18,1,0.0,8.12,7.18,0.9399999999999995,6035.178
1991-04-01,6.7,5.276160434,8.07,7.01,0,1.5191598325683175,8.07,7.01,1.0600000000000005,6126.862
1991-05-01,6.9,5.222445891,8.01,6.8,0,0.0,8.01,6.8,1.21,6126.862
1991-06-01,6.9,4.934653949,8.26,6.97,0,0.0,8.26,6.97,1.29,6126.862
1991-07-01,6.8,4.713410392,8.26,6.97,0,1.2906280572338558,8.26,6.97,1.29,6205.937
1991-08-01,6.9,4.393094508,8.2,6.84,0,0.0,8.2,6.84,1.3599999999999994,6205.937
1991-09-01,6.9,4.443594793,7.45,5.99,0,0.0,7.45,5.99,1.46,6205.937
1991-10-01,7.0,4.288991989,7.45,5.99,0,0.9443054288176045,7.45,5.99,1.46,6264.54
1991-11-01,7.0,4.34967757,7.48,5.65,0,0.0,7.48,5.65,1.83,6264.54
1991-12-01,7.3,4.346967664,7.46,5.53,0,0.0,7.46,5.53,1.9299999999999997,6264.54
1992-01-01,7.3,4.052308746,7.46,5.53,0,1.573331800898381,7.46,5.53,1.9299999999999997,6363.102
1992-02-01,7.4,3.861765064,7.46,5.53,0,0.0,7.46,5.53,1.9299999999999997,6363.102
1992-03-01,7.4,3.975844252,7.46,5.53,0,0.0,7.46,5.53,1.9299999999999997,6363.102
1992-04-01,7.4,4.066438773,7.46,5.53,0,1.6919577903984573,7.46,5.53,1.9299999999999997,6470.763
1992-05-01,7.6,3.926410529,7.56,5.33,0,0.0,7.56,5.33,2.2299999999999995,6470.763
1992-06-01,7.8,3.860188559,7.39,5.29,0,0.0,7.39,5.29,2.0999999999999996,6470.763
1992-07-01,7.7,3.769367667,7.1,4.82,0,1.4817108894267905,7.1,4.82,2.2799999999999994,6566.641
1992-08-01,7.6,3.628120085,6.56,4.12,0,0.0,6.56,4.12,2.4399999999999995,6566.641
1992-09-01,7.6,3.349237754,6.56,4.12,0,0.0,6.56,4.12,2.4399999999999995,6566.641
1992-10-01,7.3,3.6359146,6.23,3.67,0,1.7385144094218097,6.23,3.67,2.5600000000000005,6680.803
1992-11-01,7.4,3.629469745,6.94,4.81,0,0.0,6.94,4.81,2.130000000000001,6680.803
1992-12-01,7.4,3.478262556,6.94,4.81,0,0.0,6.94,4.81,2.130000000000001,6680.803
1993-01-01,7.3,3.528455109,6.38,4.19,0,0.72829568541386,6.38,4.19,2.1899999999999995,6729.459
1993-02-01,7.1,3.561853788,6.38,4.19,0,0.0,6.38,4.19,2.1899999999999995,6729.459
1993-03-01,7.0,3.334428143,5.94,3.88,0,0.0,5.94,3.88,2.0600000000000005,6729.459
1993-04-01,7.1,3.404237829,6.06,3.94,0,1.1810756258415545,6.06,3.94,2.1199999999999997,6808.939
1993-05-01,7.1,3.532736691,6.07,4.16,0,0.0,6.07,4.16,1.9100000000000001,6808.939
1993-06-01,7.0,3.569326945,6.07,4.16,0,0.0,6.07,4.16,1.9100000000000001,6808.939
1993-07-01,6.9,3.422616714,5.8,3.99,0,1.0744552124787754,5.8,3.99,1.8099999999999996,6882.098
1993-08-01,6.8,3.508810757,5.46,3.88,0,0.0,5.46,3.88,1.58,6882.098
1993-09-01,6.7,3.642383692,5.46,3.88,0,0.0,5.46,3.88,1.58,6882.098
1993-10-01,6.8,3.424737275,5.34,3.84,0,1.9127888036468033,5.34,3.84,1.5,7013.738
1993-11-01,6.6,3.436277096,5.56,4.11,0,0.0,5.56,4.11,1.4499999999999993,7013.738
1993-12-01,6.5,3.548475916,5.82,4.2,0,0.0,5.82,4.2,1.62,7013.738
1994-01-01,6.6,3.375759896,5.77,4.2,0,1.4530625466762537,5.77,4.2,1.5699999999999994,7115.652
1994-02-01,6.6,3.415920384,5.77,4.2,0,0.0,5.77,4.2,1.5699999999999994,7115.652
1994-03-01,6.5,3.570150943,6.28,4.81,0,0.0,6.28,4.81,1.4700000000000006,7115.652
1994-04-01,6.4,3.354397547,7.12,5.98,0,1.8449328325780945,7.12,5.98,1.1399999999999997,7246.931
1994-05-01,6.1,3.225532887,7.12,5.98,0,0.0,7.12,5.98,1.1399999999999997,7246.931
1994-06-01,6.1,3.194738495,7.12,5.98,0,0.0,7.12,5.98,1.1399999999999997,7246.931
1994-07-01,6.1,3.233880147,7.34,6.19,0,1.1610984015164583,7.34,6.19,1.1499999999999995,7331.075
1994-08-01,6.0,3.306714086,7.13,6.03,0,0.0,7.13,6.03,1.0999999999999996,7331.075
1994-09-01,5.9,3.254281644,7.19,6.15,0,0.0,7.19,6.15,1.04,7331.075
1994-10-01,5.8,3.164264289,7.91,6.93,0,1.6943354146561118,7.91,6.93,0.9800000000000004,7455.288
1994-11-01,5.6,3.128282179,7.91,6.93,0,0.0,7.91,6.93,0.9800000000000004,7455.288
1994-12-01,5.5,2.901446577,7.92,7.42,0,0.0,7.92,7.42,0.5,7455.288
1995-01-01,5.6,3.144200833,7.66,7.33,0,0.8987043827146657,7.66,7.33,0.33000000000000007,7522.289
1995-02-01,5.4,3.124100115,7.66,7.33,0,0.0,7.66,7.33,0.33000000000000007,7522.289
1995-03-01,5.4,3.167481169,7.23,6.81,0,0.0,7.23,6.81,0.4200000000000008,7522.289
1995-04-01,5.8,3.306684647,7.09,6.62,0,0.7804539283188916,7.09,6.62,0.46999999999999975,7580.997
1995-05-01,5.6,3.355294523,7.09,6.62,0,0.0,7.09,6.62,0.46999999999999975,7580.997
1995-06-01,5.6,3.332283478,6.2,5.71,0,0.0,6.2,5.71,0.4900000000000002,7580.997
1995-07-01,5.7,3.386948974,6.5,5.94,0,1.347157900207585,6.5,5.94,0.5599999999999996,7683.125
1995-08-01,5.7,3.23814109,6.5,5.94,0,0.0,6.5,5.94,0.5599999999999996,7683.125
1995-09-01,5.6,3.351697522,6.22,5.78,0,0.0,6.22,5.78,0.4399999999999995,7683.125
1995-10-01,5.5,3.46411606,5.98,5.52,0,1.1643829821849971,5.98,5.52,0.46000000000000085,7772.586
1995-11-01,5.6,3.37996065,5.98,5.52,0,0.0,5.98,5.52,0.46000000000000085,7772.586
1995-12-01,5.6,3.379829487,5.71,5.32,0,0.0,5.71,5.32,0.3899999999999997,7772.586
1996-01-01,5.6,3.277075064,5.63,4.93,0,1.2335920117191312,5.63,4.93,0.7000000000000002,7868.468
1996-02-01,5.5,3.259936249,5.63,4.93,0,0.0,5.63,4.93,0.7000000000000002,7868.468
1996-03-01,5.5,3.134500987,5.99,5.26,0,0.0,5.99,5.26,0.7300000000000004,7868.468
1996-04-01,5.6,3.004778103,6.31,5.79,0,2.088996231540885,6.31,5.79,0.5199999999999996,8032.84
1996-05-01,5.6,3.047772222,6.68,6.03,0,0.0,6.68,6.03,0.6499999999999995,8032.84
1996-06-01,5.3,3.051784638,6.74,6.15,0,0.0,6.74,6.15,0.5899999999999999,8032.84
1996-07-01,5.5,3.087421545,6.74,6.15,0,1.2270629067677286,6.74,6.15,0.5899999999999999,8131.408
1996-08-01,5.1,3.083473301,6.65,6.08,0,0.0,6.65,6.08,0.5700000000000003,8131.408
1996-09-01,5.2,3.063090207,6.65,6.03,0,0.0,6.65,6.03,0.6200000000000001,8131.408
1996-10-01,5.2,2.943741816,6.65,6.03,0,1.57860729654693,6.65,6.03,0.6200000000000001,8259.771
1996-11-01,5.4,2.980390413,6.38,5.79,0,0.0,6.38,5.79,0.5899999999999999,8259.771
1996-12-01,5.4,3.05642197,6.9,6.42,0,0.0,6.9,6.42,0.4800000000000004,8259.771
1997-01-01,5.3,2.91241515,6.9,6.42,0,1.2456035403402899,6.9,6.42,0.4800000000000004,8362.655
1997-02-01,5.2,2.802464903,6.9,6.42,0,0.0,6.9,6.42,0.4800000000000004,8362.655
1997-03-01,5.2,2.854608076,6.9,6.42,0,0.0,6.9,6.42,0.4800000000000004,8362.655
1997-04-01,5.1,2.910920374,6.9,6.42,0,1.867469123143306,6.9,6.42,0.4800000000000004,8518.825
1997-05-01,4.9,2.870203143,6.69,6.27,0,0.0,6.69,6.27,0.4200000000000008,8518.825
1997-06-01,5.0,2.828445596,6.45,6.02,0,0.0,6.45,6.02,0.4300000000000006,8518.825
1997-07-01,4.9,2.752239262,6.45,6.02,0,1.6903504884769882,6.45,6.02,0.4300000000000006,8662.823
1997-08-01,4.8,2.653670773,6.2,5.89,0,0.0,6.2,5.89,0.3100000000000005,8662.823
1997-09-01,4.9,2.544804261,6.04,5.75,0,0.0,6.04,5.75,0.29000000000000004,8662.823
1997-10-01,4.7,2.618900715,6.04,5.75,0,1.1899585158325232,6.04,5.75,0.29000000000000004,8765.907
1997-11-01,4.6,2.548580799,5.86,5.78,0,0.0,5.86,5.78,0.08000000000000007,8765.907
1997-12-01,4.7,2.621535622,5.86,5.78,0,0.0,5.86,5.78,0.08000000000000007,8765.907
1998-01-01,4.6,2.673178027,5.62,5.55,0,1.1473199521738087,5.62,5.55,0.07000000000000028,8866.48
1998-02-01,4.6,2.691552555,5.62,5.55,0,0.0,5.62,5.55,0.07000000000000028,8866.48
1998-03-01,4.7,2.672304266,5.62,5.55,0,0.0,5.62,5.55,0.07000000000000028,8866.48
1998-04-01,4.3,2.640497846,5.62,5.55,0,1.164148568541301,5.62,5.55,0.07000000000000028,8969.699
1998-05-01,4.4,2.611332031,5.67,5.59,0,0.0,5.67,5.59,0.08000000000000007,8969.699
1998-06-01,4.5,2.600204475,5.53,5.52,0,0.0,5.53,5.52,0.010000000000000675,8969.699
1998-07-01,4.5,2.603335947,5.44,5.46,0,1.6878827260535578,5.44,5.46,-0.019999999999999574,9121.097
1998-08-01,4.5,2.633982138,5.05,4.86,0,0.0,5.05,4.86,0.1899999999999995,9121.097
1998-09-01,4.6,2.594217982,5.05,4.86,0,0.0,5.05,4.86,0.1899999999999995,9121.097
1998-10-01,4.5,2.535056337,4.33,4.17,0,1.8955395387199703,4.33,4.17,0.16000000000000014,9293.991
1998-11-01,4.4,2.523581703,4.67,4.44,0,0.0,4.67,4.44,0.22999999999999954,9293.991
1998-12-01,4.4,2.437823,4.67,4.44,0,0.0,4.67,4.44,0.22999999999999954,9293.991
1999-01-01,4.3,2.383116,4.75,4.65,0,1.2663128251361622,4.75,4.65,0.09999999999999964,9411.682
1999-02-01,4.4,2.316234,4.75,4.65,0,0.0,4.75,4.65,0.09999999999999964,9411.682
1999-03-01,4.2,2.237507,5.4,5.2,0,0.0,5.4,5.2,0.20000000000000018,9411.682
1999-04-01,4.3,2.226592,5.27,5.01,0,1.2168706932512041,5.27,5.01,0.2599999999999998,9526.21
1999-05-01,4.2,2.153318,5.78,5.54,0,0.0,5.78,5.54,0.2400000000000002,9526.21
1999-06-01,4.3,2.070264,5.78,5.54,0,0.0,5.78,5.54,0.2400000000000002,9526.21
1999-07-01,4.3,2.111144,5.85,5.58,0,1.683943562025192,5.85,5.58,0.2699999999999996,9686.626
1999-08-01,4.2,2.094839,5.99,5.74,0,0.0,5.99,5.74,0.25,9686.626
1999-09-01,4.2,2.070746,5.99,5.74,0,0.0,5.99,5.74,0.25,9686.626
1999-10-01,4.1,2.04962,6.0,5.73,0,2.204513728516,6.0,5.73,0.2699999999999996,9900.169
1999-11-01,4.1,2.147821,6.06,5.83,0,0.0,6.06,5.83,0.22999999999999954,9900.169
1999-12-01,4.0,2.167848,6.21,6.04,0,0.0,6.21,6.04,0.16999999999999993,9900.169
2000-01-01,4.0,2.335519,6.62,6.6,0,1.0303864509787708,6.62,6.6,0.020000000000000462,10002.179
2000-02-01,4.1,2.379221,6.62,6.6,0,0.0,6.62,6.6,0.020000000000000462,10002.179
2000-03-01,4.0,2.483286,6.39,6.52,0,0.0,6.39,6.52,-0.1299999999999999,10002.179
2000-04-01,3.8,2.409239,6.29,6.73,0,2.4548750827194654,6.29,6.73,-0.4400000000000004,10247.72
2000-05-01,4.0,2.558647,6.29,6.73,0,0.0,6.29,6.73,-0.4400000000000004,10247.72
2000-06-01,4.0,2.701492,6.2,6.61,0,0.0,6.2,6.61,-0.41000000000000014,10247.72
2000-07-01,4.0,2.71297,6.0,6.27,0,0.6874212019844617,6.0,6.27,-0.2699999999999996,10318.165
2000-08-01,4.1,2.874818,6.0,6.27,0,0.0,6.0,6.27,-0.2699999999999996,10318.165
2000-09-01,3.9,2.897082,5.68,6.09,0,0.0,5.68,6.09,-0.41000000000000014,10318.165
2000-10-01,3.9,2.919941,5.74,5.88,0,1.1395340159805478,5.74,5.88,-0.13999999999999968,10435.744
2000-11-01,3.9,2.870145,5.74,5.88,0,0.0,5.74,5.88,-0.13999999999999968,10435.744
2000-12-01,3.9,2.972089,5.52,5.62,0,0.0,5.52,5.62,-0.10000000000000053,10435.744
2001-01-01,4.2,2.878468,5.1,4.55,0,0.33046996936680895,5.1,4.55,0.5499999999999998,10470.231
2001-02-01,4.2,2.979742,5.1,4.55,0,0.0,5.1,4.55,0.5499999999999998,10470.231
2001-03-01,4.3,2.961886,4.87,4.41,0,0.0,4.87,4.41,0.45999999999999996,10470.231
2001-04-01,4.4,3.091112,5.3,4.23,1,1.2298582524110424,5.3,4.23,1.0699999999999994,10599.0
2001-05-01,4.3,3.07401,5.3,4.23,1,0.0,5.3,4.23,1.0699999999999994,10599.0
2001-06-01,4.5,3.200619,5.39,4.22,1,0.0,5.39,4.22,1.17,10599.0
2001-07-01,4.6,3.207811,5.11,3.83,1,-0.00924615529767081,5.11,3.83,1.2800000000000002,10598.02
2001-08-01,4.9,3.251713,5.11,3.83,1,0.0,5.11,3.83,1.2800000000000002,10598.02
2001-09-01,5.0,3.388746,4.55,2.82,1,0.0,4.55,2.82,1.73,10598.02
2001-10-01,5.3,3.484066,4.55,2.82,1,0.5892138342822539,4.55,2.82,1.73,10660.465
2001-11-01,5.5,3.601999,4.24,2.49,1,0.0,4.24,2.49,1.75,10660.465
2001-12-01,5.7,3.56492,5.02,3.08,0,0.0,5.02,3.08,1.9399999999999995,10660.465
2002-01-01,5.7,3.557463,5.02,3.08,0,1.1541241399882551,5.02,3.08,1.9399999999999995,10783.5
2002-02-01,5.7,3.527436,5.02,3.08,0,0.0,5.02,3.08,1.9399999999999995,10783.5
2002-03-01,5.7,3.46848,4.98,3.18,0,0.0,4.98,3.18,1.8000000000000003,10783.5
2002-04-01,5.9,3.465822,5.44,3.74,0,0.9640654703945817,5.44,3.74,1.7000000000000002,10887.46
2002-05-01,5.8,3.452132,5.08,3.21,0,0.0,5.08,3.21,1.87,10887.46
2002-06-01,5.8,3.241692,4.85,2.88,0,0.0,4.85,2.88,1.9699999999999998,10887.46
2002-07-01,5.8,3.263706,4.85,2.88,0,0.8870755897151472,4.85,2.88,1.9699999999999998,10984.04
2002-08-01,5.7,3.146595,4.47,2.15,0,0.0,4.47,2.15,2.32,10984.04
2002-09-01,5.7,3.026606,3.72,1.8,0,0.0,3.72,1.8,1.9200000000000002,10984.04
2002-10-01,5.7,2.937194,3.72,1.8,0,0.7045950306080462,3.72,1.8,1.9200000000000002,11061.433
2002-11-01,5.9,2.824322,4.01,1.76,0,0.0,4.01,1.76,2.25,11061.433
2002-12-01,6.0,2.792164,3.84,1.5,0,0.0,3.84,1.5,2.34,11061.433
2003-01-01,5.8,2.778159,3.84,1.5,0,1.0188191710784666,3.84,1.5,2.34,11174.129
2003-02-01,5.9,2.69562,3.84,1.5,0,0.0,3.84,1.5,2.34,11174.129
2003-03-01,5.9,2.619135,3.84,1.5,0,0.0,3.84,1.5,2.34,11174.129
2003-04-01,6.0,2.450573,3.84,1.5,0,1.2406962547147904,3.84,1.5,2.34,11312.766
2003-05-01,6.1,2.338588,3.88,1.5,0,0.0,3.88,1.5,2.38,11312.766
2003-06-01,6.3,2.261697,3.56,1.3,0,0.0,3.56,1.3,2.26,11312.766
2003-07-01,6.2,2.228217,3.56,1.3,0,2.244393634589459,3.56,1.3,2.26,11566.669
2003-08-01,6.1,2.155287,4.44,1.85,0,0.0,4.44,1.85,2.5900000000000003,11566.669
2003-09-01,6.1,2.174311,3.96,1.47,0,0.0,3.96,1.47,2.49,11566.669
2003-10-01,6.0,2.150681,3.96,1.47,0,1.777218661656188,3.96,1.47,2.49,11772.234
2003-11-01,5.8,2.025956,4.4,2.12,0,0.0,4.4,2.12,2.2800000000000002,11772.234
2003-12-01,5.7,1.967767,4.4,2.12,0,0.0,4.4,2.12,2.2800000000000002,11772.234
2004-01-01,5.7,1.949813,4.0,1.67,0,1.2844885686098317,4.0,1.67,2.33,11923.447
2004-02-01,5.6,2.037157,4.0,1.67,0,0.0,4.0,1.67,2.33,11923.447
2004-03-01,5.8,2.126567,4.0,1.67,0,0.0,4.0,1.67,2.33,11923.447
2004-04-01,5.6,2.247883,3.91,1.65,0,1.5881984463050003,3.91,1.65,2.2600000000000002,12112.815
2004-05-01,5.6,2.228612,4.71,2.6,0,0.0,4.71,2.6,2.11,12112.815
2004-06-01,5.6,2.370793,4.71,2.6,0,0.0,4.71,2.6,2.11,12112.815
2004-07-01,5.5,2.254997,4.57,2.64,0,1.5891599103924348,4.57,2.64,1.9300000000000002,12305.307
2004-08-01,5.4,2.249671,4.13,2.41,0,0.0,4.13,2.41,1.7199999999999998,12305.307
2004-09-01,5.4,2.23192,4.13,2.41,0,0.0,4.13,2.41,1.7199999999999998,12305.307
2004-10-01,5.5,2.229333,4.21,2.63,0,1.8033438743137342,4.21,2.63,1.58,12527.214
2004-11-01,5.4,2.293798,4.11,2.61,0,0.0,4.11,2.61,1.5000000000000004,12527.214
2004-12-01,5.4,2.304188,4.38,3.01,0,0.0,4.38,3.01,1.37,12527.214
2005-01-01,5.3,2.308836,4.15,3.29,0,1.916403759048113,4.15,3.29,0.8600000000000003,12767.286
2005-02-01,5.4,2.279146,4.15,3.29,0,0.0,4.15,3.29,0.8600000000000003,12767.286
2005-03-01,5.2,2.238654,4.38,3.59,0,0.0,4.38,3.59,0.79,12767.286
2005-04-01,5.2,2.231837,4.46,3.75,0,1.2169383532255829,4.46,3.75,0.71,12922.656
2005-05-01,5.1,2.350311,3.91,3.5,0,0.0,3.91,3.5,0.41000000000000014,12922.656
2005-06-01,5.0,2.191008,3.91,3.5,0,0.0,3.91,3.5,0.41000000000000014,12922.656
2005-07-01,5.0,2.292571,4.06,3.76,0,1.702328066304637,4.06,3.76,0.2999999999999998,13142.642
2005-08-01,4.9,2.256804,4.32,4.04,0,0.0,4.32,4.04,0.28000000000000025,13142.642
2005-09-01,5.0,2.326514,4.02,3.72,0,0.0,4.02,3.72,0.2999999999999994,13142.642
2005-10-01,5.0,2.318218,4.58,4.42,0,1.3814726141060607,4.58,4.42,0.16000000000000014,13324.204
2005-11-01,5.0,2.424911,4.58,4.42,0,0.0,4.58,4.42,0.16000000000000014,13324.204
2005-12-01,4.9,2.463042,4.52,4.45,0,0.0,4.52,4.45,0.0699999999999994,13324.204
2006-01-01,4.7,2.444816,4.57,4.59,0,2.0635829352357637,4.57,4.59,-0.019999999999999574,13599.16
2006-02-01,4.8,2.492938,4.57,4.59,0,0.0,4.57,4.59,-0.019999999999999574,13599.16
2006-03-01,4.7,2.575349,4.59,4.71,0,0.0,4.59,4.71,-0.1200000000000001,13599.16
2006-04-01,4.7,2.67529,5.14,4.94,0,1.1343641813170935,5.14,4.94,0.1999999999999993,13753.424
2006-05-01,4.6,2.778406,5.14,4.94,0,0.0,5.14,4.94,0.1999999999999993,13753.424
2006-06-01,4.6,3.029285,5.11,5.04,0,0.0,5.11,5.04,0.07000000000000028,13753.424
2006-07-01,4.7,3.089187,4.99,4.97,0,0.848981315489139,4.99,4.97,0.020000000000000462,13870.188
2006-08-01,4.7,3.219901,4.99,4.97,0,0.0,4.99,4.97,0.020000000000000462,13870.188
2006-09-01,4.5,3.207054,4.73,4.77,0,0.0,4.73,4.77,-0.03999999999999915,13870.188
2006-10-01,4.4,3.285968,4.57,4.66,0,1.2211225976172635,4.57,4.66,-0.08999999999999986,14039.56
2006-11-01,4.5,3.141252,4.57,4.66,0,0.0,4.57,4.66,-0.08999999999999986,14039.56
2006-12-01,4.4,3.1159,4.43,4.52,0,0.0,4.43,4.52,-0.08999999999999986,14039.56
2007-01-01,4.6,3.136734,4.84,4.96,0,1.2542487086489862,4.84,4.96,-0.1200000000000001,14215.651
2007-02-01,4.5,3.152428,4.84,4.96,0,0.0,4.84,4.96,-0.1200000000000001,14215.651
2007-03-01,4.4,3.099888,4.56,4.63,0,0.0,4.56,4.63,-0.07000000000000028,14215.651
2007-04-01,4.5,2.957465,4.64,4.63,0,1.3114489093746018,4.64,4.63,0.009999999999999787,14402.082
2007-05-01,4.4,2.774199,4.64,4.63,0,0.0,4.64,4.63,0.009999999999999787,14402.082
2007-06-01,4.6,2.621714,4.95,4.97,0,0.0,4.95,4.97,-0.019999999999999574,14402.082
2007-07-01,4.7,2.525322,4.76,4.56,0,1.125080387682842,4.76,4.56,0.20000000000000018,14564.117
2007-08-01,4.6,2.459164,4.76,4.56,0,0.0,4.76,4.56,0.20000000000000018,14564.117
2007-09-01,4.7,2.475003,4.56,4.02,0,0.0,4.56,4.02,0.54,14564.117
2007-10-01,4.7,2.494632,4.56,4.02,0,1.0363896417475926,4.56,4.02,0.54,14715.058
2007-11-01,4.7,2.64947,4.36,3.77,0,0.0,4.36,3.77,0.5900000000000003,14715.058
2007-12-01,5.0,2.712396,3.62,2.09,0,0.0,3.62,2.09,1.5300000000000002,14715.058
2008-01-01,5.0,2.747695,3.62,2.09,1,-0.05789987372118999,3.62,2.09,1.5300000000000002,14706.538
2008-02-01,4.9,2.617738,3.62,2.09,1,0.0,3.62,2.09,1.5300000000000002,14706.538
2008-03-01,5.1,2.688949,3.57,1.8,1,0.0,3.57,1.8,1.7699999999999998,14706.538
2008-04-01,5.0,2.725505,3.57,1.8,1,1.0822601485135364,3.57,1.8,1.7699999999999998,14865.701
2008-05-01,5.4,2.793043,3.78,2.37,1,0.0,3.78,2.37,1.4099999999999997,14865.701
2008-06-01,5.6,2.933931,4.01,2.63,1,0.0,4.01,2.63,1.38,14865.701
2008-07-01,5.8,3.010504,4.01,2.63,1,0.22399212791917034,4.01,2.63,1.38,14898.999
2008-08-01,6.1,3.080765,3.97,2.51,1,0.0,3.97,2.51,1.4600000000000004,14898.999
2008-09-01,6.1,3.071629,3.77,1.82,1,0.0,3.77,1.82,1.95,14898.999
2008-10-01,6.5,2.922213,3.77,1.82,1,-1.9517418586308954,3.77,1.82,1.95,14608.209
2008-11-01,6.8,2.777101,2.72,0.9,1,0.0,2.72,0.9,1.8200000000000003,14608.209
2008-12-01,7.3,2.614507,2.72,0.9,1,0.0,2.72,0.9,1.8200000000000003,14608.209
2009-01-01,7.8,2.535975,2.68,0.83,1,-1.2137490639680837,2.68,0.83,1.85,14430.902
2009-02-01,8.3,2.54257,2.68,0.83,1,0.0,2.68,0.83,1.85,14430.902
2009-03-01,8.7,2.437701,2.68,0.83,1,0.0,2.68,0.83,1.85,14430.902
2009-04-01,9.0,2.359914,2.68,0.83,1,-0.3441642109412113,2.68,0.83,1.85,14381.236
2009-05-01,9.4,2.273815,3.21,0.92,1,0.0,3.21,0.92,2.29,14381.236
2009-06-01,9.5,2.078064,3.71,0.97,1,0.0,3.71,0.97,2.74,14381.236
2009-07-01,9.5,1.910212,3.55,1.05,0,0.47037681601218573,3.55,1.05,2.5,14448.882
2009-08-01,9.6,1.757047,3.38,0.92,0,0.0,3.38,0.92,2.46,14448.882
2009-09-01,9.8,1.602846,3.38,0.92,0,0.0,3.38,0.92,2.46,14448.882
2009-10-01,10.0,1.509202,3.21,0.87,0,1.400572030417302,3.21,0.87,2.34,14651.249
2009-11-01,9.9,1.361569,3.28,0.67,0,0.0,3.28,0.67,2.61,14651.249
2009-12-01,9.9,1.318775,3.28,0.67,0,0.0,3.28,0.67,2.61,14651.249
2010-01-01,9.8,1.170764,3.68,0.86,0,0.7737292568026133,3.68,0.86,2.8200000000000003,14764.61
2010-02-01,9.8,1.048684,3.68,0.86,0,0.0,3.68,0.86,2.8200000000000003,14764.61
2010-03-01,9.9,0.9255025,3.61,0.8,0,0.0,3.61,0.8,2.8099999999999996,14764.61
2010-04-01,9.9,0.869413,3.89,1.05,0,1.4601333865235766,3.89,1.05,2.84,14980.193
2010-05-01,9.6,0.7933019,3.29,0.78,0,0.0,3.29,0.78,2.51,14980.193
2010-06-01,9.4,0.7780126,3.29,0.78,0,0.0,3.29,0.78,2.51,14980.193
2010-07-01,9.4,0.7440706,2.96,0.63,0,1.077516157502112,2.96,0.63,2.33,15141.607
2010-08-01,9.5,0.6911157,2.58,0.5,0,0.0,2.58,0.5,2.08,15141.607
2010-09-01,9.5,0.6638685,2.58,0.5,0,0.0,2.58,0.5,2.08,15141.607
2010-10-01,9.4,0.6723344,2.54,0.42,0,1.108647186523859,2.54,0.42,2.12,15309.474
2010-11-01,9.8,0.8233069,2.66,0.34,0,0.0,2.66,0.34,2.3200000000000003,15309.474
2010-12-01,9.3,0.8307821,2.97,0.53,0,0.0,2.97,0.53,2.4400000000000004,15309.474
2011-01-01,9.1,0.9539952,3.48,0.61,0,0.274170098855131,3.48,0.61,2.87,15351.448
2011-02-01,9.0,1.117829,3.48,0.61,0,0.0,3.48,0.61,2.87,15351.448
2011-03-01,9.0,1.179972,3.41,0.66,0,0.0,3.41,0.66,2.75,15351.448
2011-04-01,9.1,1.210295,3.46,0.8,0,1.3424857381531652,3.46,0.8,2.66,15557.539
2011-05-01,9.0,1.256079,2.96,0.44,0,0.0,2.96,0.44,2.52,15557.539
2011-06-01,9.1,1.29395,2.96,0.44,0,0.0,2.96,0.44,2.52,15557.539
2011-07-01,9.0,1.41844,3.22,0.5,0,0.5794039789969396,3.22,0.5,2.72,15647.68
2011-08-01,9.0,1.651442,2.77,0.38,0,0.0,2.77,0.38,2.39,15647.68
2011-09-01,9.0,1.721515,2.15,0.19,0,0.0,2.15,0.19,1.96,15647.68
2011-10-01,8.8,1.835844,2.01,0.23,0,1.2435006339597932,2.01,0.23,1.7799999999999998,15842.259
2011-11-01,8.6,1.835434,2.01,0.23,0,0.0,2.01,0.23,1.7799999999999998,15842.259
2011-12-01,8.5,2.045078,2.11,0.27,0,0.0,2.11,0.27,1.8399999999999999,15842.259
2012-01-01,8.3,2.113351,1.87,0.23,0,1.4300107074376234,1.87,0.23,1.6400000000000001,16068.805
2012-02-01,8.3,2.01608,1.87,0.23,0,0.0,1.87,0.23,1.6400000000000001,16068.805
2012-03-01,8.2,2.122799,2.03,0.3,0,0.0,2.03,0.3,1.7299999999999998,16068.805
2012-04-01,8.2,2.191796,1.98,0.27,0,0.8607360659364405,1.98,0.27,1.71,16207.115
2012-05-01,8.2,2.188203,1.98,0.27,0,0.0,1.98,0.27,1.71,16207.115
2012-06-01,8.2,2.238926,1.47,0.25,0,0.0,1.47,0.25,1.22,16207.115
2012-07-01,8.2,2.260479,1.56,0.24,0,0.6936829904643727,1.56,0.24,1.32,16319.541
2012-08-01,8.1,2.17107,1.56,0.24,0,0.0,1.56,0.24,1.32,16319.541
2012-09-01,7.8,2.219253,1.64,0.25,0,0.0,1.64,0.25,1.39,16319.541
2012-10-01,7.8,2.206525,1.64,0.25,0,0.6181423852545942,1.64,0.25,1.39,16420.419
2012-11-01,7.7,2.195661,1.75,0.3,0,0.0,1.75,0.3,1.45,16420.419
2012-12-01,7.9,2.107127,2.04,0.27,0,0.0,2.04,0.27,1.77,16420.419
2013-01-01,8.0,2.065935,2.04,0.27,0,1.3871144213798425,2.04,0.27,1.77,16648.189
2013-02-01,7.7,2.143683,2.04,0.27,0,0.0,2.04,0.27,1.77,16648.189
2013-03-01,7.5,2.096923,1.86,0.25,0,0.0,1.86,0.25,1.61,16648.189
2013-04-01,7.6,1.932255,1.86,0.23,0,0.48352406378857626,1.86,0.23,1.6300000000000001,16728.687
2013-05-01,7.5,1.905048,1.66,0.2,0,0.0,1.66,0.2,1.46,16728.687
2013-06-01,7.5,1.874046,2.5,0.34,0,0.0,2.5,0.34,2.16,16728.687
2013-07-01,7.3,1.865294,2.5,0.34,0,1.3458976188627236,2.5,0.34,2.16,16953.838
2013-08-01,7.2,1.911745,2.74,0.35,0,0.0,2.74,0.35,2.39,16953.838
2013-09-01,7.2,1.888205,2.66,0.33,0,0.0,2.66,0.33,2.33,16953.838
2013-10-01,7.2,1.866698,2.66,0.33,0,1.4048795322923358,2.66,0.33,2.33,17192.019
2013-11-01,6.9,1.890963,2.65,0.33,0,0.0,2.65,0.33,2.32,17192.019
2013-12-01,6.7,1.872378,2.77,0.44,0,0.0,2.77,0.44,2.33,17192.019
2014-01-01,6.6,1.821944,2.77,0.44,0,0.03326543554891259,2.77,0.44,2.33,17197.738
2014-02-01,6.7,1.789204,2.77,0.44,0,0.0,2.77,0.44,2.33,17197.738
2014-03-01,6.7,1.821445,2.77,0.44,0,0.0,2.77,0.44,2.33,17197.738
2014-04-01,6.2,2.025724,2.77,0.44,0,1.8651871542641363,2.77,0.44,2.33,17518.508
2014-05-01,6.3,2.127518,2.63,0.41,0,0.0,2.63,0.41,2.2199999999999998,17518.508
2014-06-01,6.1,2.142724,2.58,0.47,0,0.0,2.58,0.47,2.1100000000000003,17518.508
2014-07-01,6.2,2.098319,2.58,0.47,0,1.6309608101328976,2.58,0.47,2.1100000000000003,17804.228
2014-08-01,6.1,1.959017,2.52,0.47,0,0.0,2.52,0.47,2.05,17804.228
2014-09-01,5.9,1.95017,2.42,0.53,0,0.0,2.42,0.53,1.89,17804.228
2014-10-01,5.7,2.001463,2.42,0.53,0,0.605760609221595,2.42,0.53,1.89,17912.079
2014-11-01,5.8,1.999148,2.22,0.49,0,0.0,2.22,0.49,1.7300000000000002,17912.079
2014-12-01,5.6,1.961226,2.22,0.49,0,0.0,2.22,0.49,1.7300000000000002,17912.079
2015-01-01,5.7,1.976365,1.87,0.55,0,0.8455188255924728,1.87,0.55,1.32,18063.529
2015-02-01,5.5,1.972517,1.87,0.55,0,0.0,1.87,0.55,1.32,18063.529
2015-03-01,5.4,1.989606,1.87,0.55,0,0.0,1.87,0.55,1.32,18063.529
2015-04-01,5.4,2.05371,1.87,0.55,0,1.1971913129488865,1.87,0.55,1.32,18279.784
2015-05-01,5.6,2.056561,2.12,0.6,0,0.0,2.12,0.6,1.52,18279.784
2015-06-01,5.3,2.103732,2.19,0.64,0,0.0,2.19,0.64,1.5499999999999998,18279.784
2015-07-01,5.2,2.130475,2.43,0.69,0,0.6665396046255267,2.43,0.69,1.7400000000000002,18401.626
2015-08-01,5.1,2.169207,2.17,0.7,0,0.0,2.17,0.7,1.47,18401.626
2015-09-01,5.0,2.268536,2.17,0.7,0,0.0,2.17,0.7,1.47,18401.626
2015-10-01,5.0,2.335492,2.05,0.64,0,0.1821089071150528,2.05,0.64,1.4099999999999997,18435.137
2015-11-01,5.1,2.394625,2.15,0.91,0,0.0,2.15,0.91,1.2399999999999998,18435.137
2015-12-01,5.0,2.437497,2.15,0.91,0,0.0,2.15,0.91,1.2399999999999998,18435.137
2016-01-01,4.8,2.460879,1.97,0.81,0,0.49251600354258684,1.97,0.81,1.16,18525.933
2016-02-01,4.9,2.538253,1.97,0.81,0,0.0,1.97,0.81,1.16,18525.933
2016-03-01,5.0,2.526214,1.83,0.85,0,0.0,1.83,0.85,0.9800000000000001,18525.933
2016-04-01,5.1,2.53143,1.79,0.76,0,1.002751116502476,1.79,0.76,1.03,18711.702
2016-05-01,4.8,2.565678,1.85,0.91,0,0.0,1.85,0.91,0.9400000000000001,18711.702
2016-06-01,4.9,2.563629,1.85,0.91,0,0.0,1.85,0.91,0.9400000000000001,18711.702
2016-07-01,4.8,2.569655,1.46,0.59,0,0.9669724325451323,1.46,0.59,0.87,18892.639
2016-08-01,4.9,2.716347,1.51,0.67,0,0.0,1.51,0.67,0.84,18892.639
2016-09-01,5.0,2.624799,1.57,0.78,0,0.0,1.57,0.78,0.79,18892.639
2016-10-01,4.9,2.502268,1.83,0.83,0,1.0413579595735856,1.83,0.83,1.0,19089.379
2016-11-01,4.7,2.518564,1.83,0.83,0,0.0,1.83,0.83,1.0,19089.379
2016-12-01,4.7,2.585286,2.45,1.14,0,0.0,2.45,1.14,1.3100000000000003,19089.379
2017-01-01,4.7,2.651739,2.48,1.22,0,0.9990110207356517,2.48,1.22,1.26,19280.084
2017-02-01,4.6,2.664566,2.48,1.22,0,0.0,2.48,1.22,1.26,19280.084
2017-03-01,4.4,2.436586,2.46,1.29,0,0.0,2.46,1.29,1.17,19280.084
2017-04-01,4.4,2.235672,2.33,1.28,0,0.8223978692209144,2.33,1.28,1.05,19438.643
2017-05-01,4.4,2.139634,2.33,1.28,0,0.0,2.33,1.28,1.05,19438.643
2017-06-01,4.3,2.122109,2.21,1.28,0,0.0,2.21,1.28,0.9299999999999999,19438.643
2017-07-01,4.3,2.131777,2.26,1.34,0,1.3064286431928362,2.26,1.34,0.9199999999999997,19692.595
2017-08-01,4.4,2.075047,2.26,1.34,0,0.0,2.26,1.34,0.9199999999999997,19692.595
2017-09-01,4.3,2.091354,2.16,1.35,0,0.0,2.16,1.35,0.81,19692.595
2017-10-01,4.2,2.177581,2.37,1.61,0,1.7493529928381601,2.37,1.61,0.76,20037.088
2017-11-01,4.2,2.099803,2.37,1.61,0,0.0,2.37,1.61,0.76,20037.088
2017-12-01,4.1,2.117186,2.37,1.78,0,0.0,2.37,1.78,0.5900000000000001,20037.088
2018-01-01,4.0,2.157823,2.78,2.16,0,1.4546275386922547,2.78,2.16,0.6199999999999997,20328.553
2018-02-01,4.1,2.123101,2.78,2.16,0,0.0,2.78,2.16,0.6199999999999997,20328.553
2018-03-01,4.0,2.366926,2.81,2.22,0,0.0,2.81,2.22,0.5899999999999999,20328.553
2018-04-01,4.0,2.491592,2.97,2.5,0,1.241401687567234,2.97,2.5,0.4700000000000002,20580.912
2018-05-01,3.8,2.543212,2.97,2.5,0,0.0,2.97,2.5,0.4700000000000002,20580.912
2018-06-01,4.0,2.551897,2.89,2.47,0,0.0,2.89,2.47,0.41999999999999993,20580.912
2018-07-01,3.8,2.518753,3.0,2.67,0,1.0583496008340187,3.0,2.67,0.33000000000000007,20798.73
2018-08-01,3.8,2.432443,3.0,2.67,0,0.0,3.0,2.67,0.33000000000000007,20798.73
2018-09-01,3.7,2.462881,3.09,2.82,0,0.0,3.09,2.82,0.27,20798.73
2018-10-01,3.8,2.415236,3.09,2.82,0,0.5728090128579888,3.09,2.82,0.27,20917.867
2018-11-01,3.8,2.476418,3.14,2.84,0,0.0,3.14,2.84,0.30000000000000027,20917.867
2018-12-01,3.9,2.456173,2.7,2.52,0,0.0,2.7,2.52,0.18000000000000016,20917.867
2019-01-01,4.0,2.375054,2.7,2.52,0,0.9261603967555487,2.7,2.52,0.18000000000000016,21111.6
2019-02-01,3.8,2.375943,2.7,2.52,0,0.0,2.7,2.52,0.18000000000000016,21111.6
2019-03-01,3.8,2.356946,2.76,2.55,0,0.0,2.76,2.55,0.20999999999999996,21111.6
2019-04-01,3.7,2.392773,2.49,2.33,0,1.3563064855340201,2.49,2.33,0.16000000000000014,21397.938
2019-05-01,3.6,2.360903,2.52,2.31,0,0.0,2.52,2.31,0.20999999999999996,21397.938
2019-06-01,3.6,2.392597,2.03,1.78,0,0.0,2.03,1.78,0.24999999999999978,21397.938
2019-07-01,3.7,2.475923,2.03,1.78,0,1.4918867416103376,2.03,1.78,0.24999999999999978,21717.171
2019-08-01,3.6,2.630398,1.9,1.73,0,0.0,1.9,1.73,0.16999999999999993,21717.171
2019-09-01,3.5,2.622934,1.65,1.56,0,0.0,1.65,1.56,0.08999999999999986,21717.171
2019-10-01,3.6,2.747596,1.65,1.56,0,0.994816497968376,1.65,1.56,0.08999999999999986,21933.217
2019-11-01,3.6,2.772021,1.73,1.56,0,0.0,1.73,1.56,0.16999999999999993,21933.217
2019-12-01,3.6,2.752609,0.62,0.23,0,0.0,0.62,0.23,0.39,21933.217
2020-01-01,3.6,2.800205,0.62,0.23,0,-0.937208618325347,0.62,0.23,0.39,21727.657
2020-02-01,3.5,2.792299,0.62,0.23,0,0.0,0.62,0.23,0.39,21727.657
2020-03-01,4.4,2.592275,0.62,0.23,1,0.0,0.62,0.23,0.39,21727.657
2020-04-01,14.8,2.160688,0.62,0.23,1,-8.248533194352248,0.62,0.23,0.39,19935.444
2020-05-01,13.2,2.000025,0.64,0.2,0,0.0,0.64,0.2,0.44,19935.444
2020-06-01,11.0,1.998261,0.66,0.14,0,0.0,0.66,0.14,0.52,19935.444
2020-07-01,10.2,2.287039,0.69,0.17,0,8.77385524997587,0.69,0.17,0.5199999999999999,21684.551
2020-08-01,8.4,2.22202,0.68,0.13,0,0.0,0.68,0.13,0.55,21684.551
2020-09-01,7.8,1.991587,0.68,0.13,0,0.0,0.68,0.13,0.55,21684.551
2020-10-01,6.9,1.74961,0.68,0.14,0,1.7718420824115677,0.68,0.14,0.54,22068.767
2020-11-01,6.7,1.707378,0.92,0.17,0,0.0,0.92,0.17,0.75,22068.767
2020-12-01,6.7,1.603908,0.92,0.17,0,0.0,0.92,0.17,0.75,22068.767
2021-01-01,6.4,1.391588,1.09,0.11,0,2.664516780661108,1.09,0.11,0.9800000000000001,22656.793
2021-02-01,6.2,1.403014,1.09,0.11,0,0.0,1.09,0.11,0.9800000000000001,22656.793
2021-03-01,6.1,1.592602,1.45,0.13,0,0.0,1.45,0.13,1.3199999999999998,22656.793
2021-04-01,6.1,2.212664,1.69,0.17,0,3.142845503333147,1.69,0.17,1.52,23368.861
2021-05-01,5.8,2.569395,1.62,0.16,0,0.0,1.62,0.16,1.4600000000000002,23368.861
2021-06-01,5.9,2.564809,1.62,0.16,0,0.0,1.62,0.16,1.4600000000000002,23368.861
2021-07-01,5.4,2.330438,1.48,0.25,0,2.3669531861223447,1.48,0.25,1.23,23921.991
2021-08-01,5.1,2.335721,1.31,0.2,0,0.0,1.31,0.2,1.11,23921.991
2021-09-01,4.7,2.607496,1.31,0.2,0,0.0,1.31,0.2,1.11,23921.991
2021-10-01,4.5,3.009235,1.48,0.27,0,3.5743136932038677,1.48,0.27,1.21,24777.038
2021-11-01,4.2,3.189375,1.58,0.5,0,0.0,1.58,0.5,1.08,24777.038
2021-12-01,3.9,3.458986,1.43,0.56,0,0.0,1.43,0.56,0.8699999999999999,24777.038
2022-01-01,4.0,3.966999,1.81,1.18,0,1.7695940894952855,1.81,1.18,0.6300000000000001,25215.491
2022-02-01,3.8,4.2841,1.81,1.18,0,0.0,1.81,1.18,0.6300000000000001,25215.491
2022-03-01,3.7,4.538679,1.72,1.31,0,0.0,1.72,1.31,0.4099999999999999,25215.491
2022-04-01,3.7,4.70841,2.39,2.44,0,2.3410212396815844,2.39,2.44,-0.04999999999999982,25805.791
2022-05-01,3.6,4.956489,2.94,2.66,0,0.0,2.94,2.66,0.2799999999999998,25805.791
2022-06-01,3.6,5.40253,2.94,2.66,0,0.0,2.94,2.66,0.2799999999999998,25805.791
2022-07-01,3.5,5.593246,2.88,2.84,0,1.806648747949624,2.88,2.84,0.040000000000000036,26272.011
2022-08-01,3.6,5.952632,2.6,2.9,0,0.0,2.6,2.9,-0.2999999999999998,26272.011
2022-09-01,3.5,6.344649,3.26,3.51,0,0.0,3.26,3.51,-0.25,26272.011
2022-10-01,3.6,6.315609,4.07,4.54,0,1.7595379356380336,4.07,4.54,-0.46999999999999975,26734.277
2022-11-01,3.6,6.430319,4.07,4.54,0,0.0,4.07,4.54,-0.46999999999999975,26734.277
2022-12-01,3.5,6.545514,3.53,4.25,0,0.0,3.53,4.25,-0.7200000000000002,26734.277
2023-01-01,3.5,6.488339,3.39,4.09,0,1.6087287492382973,3.39,4.09,-0.6999999999999997,27164.359
2023-02-01,3.6,6.526576,3.39,4.09,0,0.0,3.39,4.09,-0.6999999999999997,27164.359
2023-03-01,3.5,6.390646,4.01,4.89,0,0.0,4.01,4.89,-0.8799999999999999,27164.359
2023-04-01,3.4,6.267738,3.59,4.14,0,1.0655727234351486,3.59,4.14,-0.5499999999999998,27453.815
2023-05-01,3.6,5.978883,3.59,4.14,0,0.0,3.59,4.14,-0.5499999999999998,27453.815
2023-06-01,3.6,5.588761,3.61,4.33,0,0.0,3.61,4.33,-0.7200000000000002,27453.815
2023-07-01,3.5,5.402919,4.05,4.92,0,1.8718054303199727,4.05,4.92,-0.8700000000000001,27967.697
2023-08-01,3.7,5.169678,4.05,4.92,0,0.0,4.05,4.92,-0.8700000000000001,27967.697
2023-09-01,3.8,4.955445,4.18,4.87,0,0.0,4.18,4.87,-0.6900000000000004,27967.697
2023-10-01,3.9,4.882717,4.77,4.95,0,1.1773225374974494,4.77,4.95,-0.1800000000000006,28296.967
2023-11-01,3.7,4.691251,4.77,4.95,0,0.0,4.77,4.95,-0.1800000000000006,28296.967
2023-12-01,3.8,4.557667,4.22,4.56,0,0.0,4.22,4.56,-0.33999999999999986,28296.967
2024-01-01,3.7,4.601332,3.87,4.2,0,1.1559613438429706,3.87,4.2,-0.33000000000000007,28624.069
2024-02-01,3.9,4.400073,3.87,4.2,0,0.0,3.87,4.2,-0.33000000000000007,28624.069
2024-03-01,3.9,4.502758,4.19,4.54,0,0.0,4.19,4.54,-0.34999999999999964,28624.069
2024-04-01,3.9,4.403618,4.33,4.72,0,1.3717302036967638,4.33,4.72,-0.3899999999999997,29016.714
2024-05-01,4.0,4.300148,4.63,4.96,0,0.0,4.63,4.96,-0.33000000000000007,29016.714
2024-06-01,4.1,4.234733,4.48,4.77,0,0.0,4.48,4.77,-0.28999999999999915,29016.714
2024-07-01,4.2,4.179707,4.48,4.77,0,1.2344609386162775,4.48,4.77,-0.28999999999999915,29374.914
2024-08-01,4.2,4.112096,3.99,4.16,0,0.0,3.99,4.16,-0.16999999999999993,29374.914
2024-09-01,4.1,4.012724,3.74,3.61,0,0.0,3.74,3.61,0.13000000000000034,29374.914
2024-10-01,4.1,3.963395,3.74,3.61,0,1.1735625847279163,3.74,3.61,0.13000000000000034,29719.647
2024-11-01,4.2,3.876177,4.37,4.21,0,0.0,4.37,4.21,0.16000000000000014,29719.647
2024-12-01,4.1,3.746553,4.37,4.21,0,0.0,4.37,4.21,0.16000000000000014,29719.647
2025-01-01,4.0,3.625276327,4.37,4.21,0,0.0,4.37,4.21,0.16000000000000014,29719.647
2025-02-01,4.1,3.516515255,4.37,4.21,0,0.0,4.37,4.21,0.16000000000000014,29719.647
